open,high,low,close,volume,datetime,symbol,SMA_10,SMA_20,SMA_50,%Year,%6Month,%3Month,%1Month,$Volume,Normalized,adr_percent,adr_dollar,adr_distance,sector,industry,%Year_rank,%6Month_rank,%3Month_rank,%1Month_rank,composite_score,sector_rank
174.783,183.02,173.7917,182.37,4003773.0,2026-05-22,ZS,166.213,153.98,144.699,0.7189828503843879,0.651950094734208,1.2210096411355114,1.3459040590405904,63676005792.0,7.641,4.92,7.375,2.1908,Technology,EDP Services,59.0,79.0,37.0,11.0,46.5,258.0
108.5,113.73,105.09,105.64,9632558.0,2026-05-22,ZM,99.86,101.582,90.2402,1.3259696247018953,1.3471053302728897,1.2071763227059764,1.1478865587308489,57564166608.0,1.7097,4.37,4.3562,1.3268,Technology,Computer Software: Programming Data Processing,17.0,15.0,26.0,16.0,18.5,122.0
18.2,18.89,18.17,18.79,5616712.0,2026-05-22,ZETA,17.678,17.6925,17.057,1.391851851851852,1.152760736196319,1.1065959952885749,1.0718767826583,966074464.0,0.082,5.3,0.9162,1.2137,Technology,Computer Software: Prepackaged Software,17.0,36.0,41.0,72.0,41.5,231.0
61.54,62.2,59.31,60.06,1265537.0,2026-05-22,YOU,59.287,57.8075,53.9046,2.4655172413793105,1.7675103001765746,1.794442784583209,1.0957854406130267,2334915765.0,2.527,5.58,3.1049,0.249,Technology,Computer Software: Prepackaged Software,3.0,6.0,7.0,47.0,15.75,110.0
44.07,45.28,43.96,45.22,1230770.0,2026-05-22,YETI,42.361,41.2865,39.174,1.5360054347826086,1.257858136300417,0.9951584507042254,1.1316316316316315,1224616150.0,2.5691,4.79,1.9325,1.4794,Consumer Discretionary,Recreational Games/Products/Toys,4.0,2.0,4.0,1.0,2.75,66.0
86.99,89.72,86.9,89.21,415449.0,2026-05-22,XMTR,87.61,73.8423,55.2771,2.5986018060005827,1.6105795269904313,2.007425742574257,1.8698386082582263,1619420202.0,17.0548,6.83,4.8025,0.3332,Real Estate,Real Estate,3.0,4.0,5.0,1.0,3.25,6.0
11.67,11.93,11.62,11.73,627887.0,2026-05-22,XIFR,11.507,11.2165,10.643,1.3881656804733729,1.3150224215246638,1.0891364902506964,1.1671641791044776,43324203.0,2.5568,4.79,0.5251,0.4247,Utilities,Electric Utilities: Central,11.0,4.0,5.0,3.0,5.75,27.0
30.4,31.44,29.2,30.19,1805247.0,2026-05-22,WYFI,27.008,23.016,17.8605,,1.7360552041403106,1.713393870601589,1.8241691842900305,828608373.0,15.9603,14.31,3.0922,1.029,Finance,Finance: Consumer Services,85.0,12.0,11.0,3.0,27.75,278.0
22.66,23.24,21.88,22.82,20786447.0,2026-05-22,WULF,22.518,22.567,19.553,6.021108179419525,1.9740484429065743,1.2995444191343966,1.1404297851074463,5279757538.0,0.2174,7.05,1.527,0.1978,Technology,EDP Services,2.0,3.0,14.0,25.0,11.0,80.0
19.5,19.56,19.0,19.28,1703990.0,2026-05-22,WTTR,19.201,18.0615,16.349,2.3598531211750307,2.051063829787234,1.4124542124542123,1.1517323775388293,316942140.0,6.1161,4.1,0.7234,0.1092,Energy,Oilfield Services/Equipment,4.0,1.0,2.0,1.0,2.0,2.0
24.15,25.15,24.15,24.78,1649164.0,2026-05-22,WSC,24.72,24.185,21.0342,0.8978260869565218,1.5634069400630917,1.0442477876106195,1.0935569285083848,501345856.0,2.1879,5.05,1.2069,0.0497,Industrials,Misc Corporate Leasing Services,3.0,2.0,1.0,2.0,2.0,19.0
39.0,40.475,39.0,40.09,261080.0,2026-05-22,WS,39.236,39.282,35.505,1.5672400312744337,1.3058631921824106,0.9318921431892144,1.0622681505034446,205992120.0,0.1172,4.55,1.743,0.49,Industrials,Steel/Iron Ore,12.0,11.0,17.0,3.0,10.75,196.0
71.5,80.82,68.27,69.89,10942857.0,2026-05-22,WOLF,63.41,50.4795,32.8124,50.64492753623189,4.030565167243368,3.46848635235732,2.237912263848864,30191342463.0,22.7071,17.7,8.2634,0.7842,Technology,Semiconductors,2.0,7.0,4.0,2.0,3.75,19.0
34.82,35.42,34.685,34.72,3104864.0,2026-05-22,WMG,33.918,31.81,28.8678,1.3201520912547529,1.1694173122263387,1.2657674079475028,1.1997235659986178,1906386496.0,6.4143,4.01,1.2425,0.6455,Consumer Discretionary,Services-Misc. Amusement & Recreation,11.0,20.0,9.0,5.0,11.25,360.0
11.71,11.99,11.69,11.76,641816.0,2026-05-22,WLTH,11.58,11.325,10.3034,,,1.4394124847001224,1.1000935453695042,44927120.0,2.2266,4.29,0.47,0.383,Finance,Finance: Consumer Services,84.0,85.0,21.0,26.0,54.0,461.0
92.78,94.8,91.15,93.55,228587.0,2026-05-22,WLDN,91.312,84.4765,80.7078,1.7288856034004805,1.0056976994194795,0.8377361869794931,1.2001282873636947,987724427.0,7.777,6.32,5.0853,0.4401,Consumer Discretionary,Military/Government/Technical,8.0,20.0,25.0,6.0,14.75,446.0
40.0,40.11,39.3,39.79,803762.0,2026-05-22,WERN,37.819,36.7715,33.0476,1.5216061185468452,1.7187904967602592,1.199216395418927,1.1761749926101095,633364456.0,2.8087,4.13,1.4716,1.3394,Industrials,Trucking Freight/Courier Services,8.0,8.0,11.0,2.0,7.25,134.0
5.65,5.87,5.545,5.71,793781.0,2026-05-22,WEAV,5.513,5.565,5.1502,0.5935550935550936,0.9878892733564012,1.124015748031496,1.1724845995893225,12700496.0,0.9388,6.21,0.3326,0.5923,Technology,Computer Software: Prepackaged Software,97.0,42.0,66.0,51.0,64.0,332.0
488.43,489.99,478.5495,484.28,4492768.0,2026-05-22,WDC,478.53,465.28,383.6548,9.250811843361983,3.453469300435,1.7898510551798057,1.198712871287129,526741105856.0,2.8078,6.2,27.6038,0.2083,Technology,Electronic Components,2.0,3.0,3.0,3.0,2.75,14.0
43.88,47.94,43.21,47.25,9104121.0,2026-05-22,VSH,39.309,35.204,26.7692,3.341584158415841,3.99746192893401,2.4094849566547683,1.676126285916992,9431869356.0,11.0182,6.11,2.1174,3.7504,Technology,Electrical Products,9.0,3.0,3.0,3.0,4.5,25.0
50.72,52.51,50.05,52.45,2011916.0,2026-05-22,VSCO,47.578,48.8385,48.7416,2.4988089566460223,1.5522343888724477,0.8416238767650834,0.9937476316786662,2643657624.0,2.6147,5.92,2.7815,1.7516,Consumer Discretionary,Clothing/Shoe/Accessory Stores,1.0,2.0,12.0,6.0,5.25,159.0
72.1,77.25,72.1,74.56,2300444.0,2026-05-22,VSAT,71.919,68.683,59.8588,8.069264069264069,2.447800393959291,1.5559265442404009,1.2027746410711404,6406736540.0,4.6031,5.76,3.8582,0.6845,Technology,Radio And Television Broadcasting And Communications Equipment,3.0,5.0,6.0,6.0,5.0,34.0
30.92,31.485,30.61,31.0,1531339.0,2026-05-22,VRNS,29.222,28.2695,25.1442,0.6569188387370206,0.9875756610385472,1.4279134039613082,1.2637586628618018,738105398.0,3.3135,5.33,1.4545,1.2224,Technology,Computer Software: Prepackaged Software,85.0,48.0,26.0,10.0,42.25,235.0
104.89,114.11,104.075,113.76,625095.0,2026-05-22,VPG,100.854,81.324,61.2584,4.361963190184049,3.885245901639344,2.4312887369095963,1.876608380072584,3711814110.0,21.4406,8.19,6.7124,1.9227,Technology,Electrical Products,5.0,2.0,2.0,1.0,2.5,13.0
41.5,45.3,41.11,44.64,3050940.0,2026-05-22,VOYG,37.419,32.2105,29.5892,,2.448710916072408,1.62032667876588,1.5564853556485356,2840425140.0,14.9606,10.15,3.0802,2.3443,Industrials,Military/Government/Technical,31.0,6.0,7.0,5.0,12.25,220.0
3.06,3.3,3.025,3.22,2614319.0,2026-05-22,VLN,2.979,2.627,1.8596,1.4504504504504503,2.267605633802817,2.104575163398693,1.7988826815642458,13071595.0,12.558,15.02,0.3376,0.7139,Technology,Semiconductors,72.0,47.0,20.0,5.0,36.0,202.0
75.5,77.58,74.45,75.41,644211.0,2026-05-22,VIST,74.136,72.3315,70.5588,1.5018920533758215,1.510616987179487,1.3114782608695652,1.0637607561010014,1860481368.0,2.464,4.26,3.0259,0.421,Energy,Oil & Gas Production,39.0,24.0,20.0,24.0,26.75,86.0
12.0,12.485,11.94,12.3,5016206.0,2026-05-22,VISN,11.614,11.6858,11.2011,-3.186528497409326,1.8721461187214608,1.5471698113207548,0.6340206185567011,376215450.0,0.6163,4.67,0.526,1.3042,Technology,Radio And Television Broadcasting And Communications Equipment,15.0,7.0,8.0,15.0,11.25,81.0
13.29,14.025,13.21,13.83,11202258.0,2026-05-22,VG,13.744,13.1155,13.6954,1.154424040066778,1.934265734265734,1.479144385026738,1.1621848739495797,1041809994.0,4.6799,6.52,0.8315,0.1034,Utilities,Oil/Gas Transmission,4.0,1.0,1.0,1.0,1.75,2.0
20.9,23.25,19.81,23.06,4835018.0,2026-05-22,VELO,19.135,16.2692,13.7526,3.202777777777777,5.205417607223477,2.3822314049586777,1.3283410138248848,1112054140.0,16.189,14.42,2.2096,1.7763,Technology,Industrial Machinery/Components,17.0,1.0,3.0,10.0,7.75,52.0
58.44,60.28,57.51,59.55,584651.0,2026-05-22,VECO,58.1875,55.9238,45.5379,3.041368743615935,2.2565365668813944,2.028269754768392,1.1511695341194663,1013200183.0,3.9675,5.93,3.228,0.4221,Technology,Industrial Machinery/Components,20.0,13.0,4.0,20.0,14.25,99.0
45.46,46.0,44.81,45.03,1398669.0,2026-05-22,VCYT,41.898,38.9345,35.2312,1.685254491017964,1.1023255813953488,1.2616979546091345,1.3116807457034665,1442027739.0,7.3324,5.51,2.06,1.5204,Health Care,Medical Specialities,7.0,15.0,8.0,5.0,8.75,92.0
74.95,76.16,74.7275,75.19,446196.0,2026-05-22,VAC,72.955,73.2795,71.0622,1.1172362555720654,1.60628070925016,1.337900355871886,1.037103448275862,1269873816.0,0.4438,4.94,3.484,0.6415,Finance,Real Estate,26.0,3.0,10.0,46.0,21.25,228.0
39.54,41.42,38.9105,40.06,3352035.0,2026-05-22,UTI,38.396,37.5315,37.0736,1.1205594405594406,1.7075873827791987,1.1547996540789855,1.1287686672302055,2701740210.0,2.2772,5.61,2.0221,0.8229,Real Estate,Other Consumer Services,9.0,5.0,6.0,13.0,8.25,12.0
24.605,26.7093,24.605,25.3,18252693.0,2026-05-22,USAR,23.788,24.811,20.7871,3.037214885954382,2.0737704918032787,1.2408043158410986,1.1573650503202195,6005135997.0,4.21,10.15,2.3659,0.6391,Basic Materials,Metal Mining,10.0,5.0,2.0,11.0,7.0,24.0
18.08,18.3,17.98,18.22,10045470.0,2026-05-22,UMC,17.349,15.62,12.231,2.335897435897436,2.558988764044944,1.6684981684981683,1.48371335504886,1657502550.0,10.4886,4.43,0.658,1.3237,Technology,Semiconductors,45.0,25.0,27.0,20.0,29.25,175.0
14.84,16.88,14.76,16.78,6942456.0,2026-05-22,UMAC,15.108,14.6005,14.756,3.303149606299213,2.162371134020619,1.2607062359128476,1.1453924914675768,867807000.0,3.4165,9.54,1.317,1.2696,Technology,Radio And Television Broadcasting And Communications Equipment,5.0,8.0,11.0,10.0,8.5,56.0
4.96,5.02,4.835,4.95,3256665.0,2026-05-22,ULCC,4.732,4.574,4.0634,1.198547215496368,1.3235294117647058,1.0668103448275863,1.2563451776649748,39079980.0,3.3957,8.12,0.3431,0.6354,Consumer Discretionary,Air Freight/Delivery Services,10.0,3.0,6.0,1.0,5.0,148.0
81.905,84.265,80.0,84.01,421971.0,2026-05-22,UCTT,82.036,80.7768,73.4293,4.144548593981254,3.880369515011548,1.1674541411895498,1.012046741356463,1422464241.0,1.5468,7.68,5.8718,0.3362,Technology,Semiconductors,17.0,8.0,42.0,59.0,31.5,183.0
24.5,25.23,23.435,23.68,3798904.0,2026-05-22,TXG,22.547,22.122,21.815,2.672686230248307,1.4386391251518833,1.2397905759162302,1.072463768115942,1124475584.0,1.9029,6.61,1.4049,0.8065,Industrials,Biotechnology: Laboratory Analytical Instruments,2.0,1.0,1.0,3.0,1.75,13.0
58.53,61.95,56.38,60.57,1617926.0,2026-05-22,TWST,54.365,56.1185,53.3516,2.138016237204377,2.323360184119678,1.2478368355995055,0.993928454217263,2824898796.0,3.1742,7.41,3.9507,1.5706,Health Care,Biotechnology: Biological Products (No Diagnostic Substances),32.0,6.0,28.0,50.0,29.0,202.0
44.39,45.0,44.12,44.43,803425.0,2026-05-22,TVTX,43.663,43.355,37.0374,2.9719063545150504,1.2792974373740282,1.4387953367875648,1.097037037037037,797801025.0,0.7079,5.05,2.1306,0.36,Health Care,Biotechnology: Pharmaceutical Preparations,49.0,81.0,31.0,38.0,49.75,278.0
188.33,191.73,182.69,189.92,3084730.0,2026-05-22,TTMI,170.005,162.4055,131.0392,6.339118825100133,3.2492728828058164,1.7799437675726333,1.2745453325280185,54025961220.0,4.5724,7.84,12.0381,1.6543,Technology,Electrical Products,2.0,4.0,5.0,5.0,4.0,23.0
287.66,288.19,279.01,283.43,1387279.0,2026-05-22,TSEM,265.155,239.535,209.4184,6.831284646902868,3.093876214387076,2.2492659312752954,1.413333998204847,55774164916.0,10.1528,7.46,17.0197,1.0738,Technology,Semiconductors,6.0,19.0,18.0,34.0,19.25,126.0
39.2,40.2,38.9088,40.12,451692.0,2026-05-22,TRS,39.207,39.4425,37.7364,1.5133911731422105,1.2628265659427131,1.1021978021978025,1.0866738894907908,353223144.0,0.5989,4.02,1.54,0.5929,Industrials,Industrial Specialties,9.0,9.0,10.0,8.0,9.0,168.0
3.88,4.21,3.75,4.08,419197.0,2026-05-22,TROO,4.068,4.0585,3.1426,6.135338345864661,3.487179487179488,1.3203883495145632,1.3161290322580643,3353576.0,0.2338,11.6,0.4377,0.0274,Finance,Diversified Financial Services,1.0,1.0,1.0,1.0,1.0,1.0
39.0,39.45,38.53,39.18,1262512.0,2026-05-22,TREX,38.267,38.7165,38.7024,0.6983957219251337,1.300365084633256,0.9452352231604342,0.9350835322195704,959509120.0,1.1678,5.07,1.9202,0.4755,Basic Materials,Forest Products,6.0,2.0,2.0,4.0,3.5,7.0
14.85,15.39,14.3,14.79,385637.0,2026-05-22,TOYO,13.568,12.575,11.1397,4.299418604651162,2.309133489461358,1.7523696682464456,1.269527896995708,42420070.0,7.5967,9.39,1.1246,1.0866,Consumer Discretionary,Miscellaneous manufacturing industries,1.0,1.0,1.0,4.0,1.75,28.0
4.45,4.6,4.33,4.59,1292152.0,2026-05-22,TOI,4.195,4.0475,3.584,1.471153846153846,1.4166666666666663,1.7790697674418603,1.4123076923076925,12921520.0,3.579,6.76,0.262,1.5076,Health Care,Medical/Nursing Services,4.0,8.0,2.0,2.0,4.0,36.0
4.69,4.88,4.625,4.64,844033.0,2026-05-22,TLS,4.44,4.405,4.3198,1.83399209486166,0.8482632541133455,1.1958762886597938,1.0474040632054176,9284363.0,0.7914,5.73,0.2438,0.8203,Technology,EDP Services,5.0,48.0,28.0,33.0,28.5,170.0
364.99,378.5,362.99,372.45,847953.0,2026-05-22,TLN,348.941,364.348,345.3672,1.523188287256666,1.0090761311297751,0.9925647585545252,1.0223155467720686,58250979288.0,4.32,4.81,17.0253,1.3808,Utilities,Electric Utilities: Central,7.0,35.0,37.0,10.0,22.25,84.0
29.36,30.0,28.57,28.81,545471.0,2026-05-22,TILE,28.414,28.1455,27.125,1.4248269040553907,1.127151799687011,0.9037013801756588,1.0252669039145907,234007059.0,0.9494,4.02,1.1102,0.3567,Consumer Discretionary,Home Furnishings,2.0,4.0,4.0,2.0,3.0,79.0
86.0,86.04,84.17,85.84,1335386.0,2026-05-22,TIGO,82.828,82.664,80.248,2.356946732564525,1.648550028807375,1.2518594137377863,1.021175350939805,4835432706.0,0.1982,4.1,3.2217,0.9349,Telecommunications,Telecommunications Equipment,10.0,14.0,14.0,19.0,14.25,29.0
65.34,66.15,64.58,65.71,443406.0,2026-05-22,THR,65.382,64.633,56.9324,2.5508540372670803,2.005799755799756,1.3017036450079238,1.2128091546696196,947115216.0,1.1522,4.75,2.9397,0.1116,Energy,Industrial Machinery/Components,28.0,16.0,25.0,13.0,20.5,76.0
355.0,360.34,352.41,358.44,2712336.0,2026-05-22,TER,346.849,350.069,343.2406,4.466542056074767,2.2991661321359844,1.089185329241241,0.8573478760045925,172217061984.0,0.9241,5.54,18.6557,0.6213,Industrials,Electrical Products,4.0,9.0,17.0,18.0,12.0,215.0
25.29,25.78,25.0175,25.45,3798507.0,2026-05-22,TENB,23.319,22.2455,20.1235,0.7953125,0.9922027290448344,1.391470749043193,1.271228771228771,1223119254.0,4.712,6.24,1.338,1.5927,Technology,Computer Software: Prepackaged Software,65.0,41.0,30.0,9.0,36.25,203.0
83.52,88.55,83.52,85.42,4461119.0,2026-05-22,TEAM,84.6005,84.4632,74.7531,0.400976388302117,0.5930297139683421,1.2000561955605509,1.1938504542278128,16497218062.0,0.1624,6.63,5.4712,0.1498,Technology,Computer Software: Prepackaged Software,128.0,129.0,50.0,25.0,83.0,396.0
8.71,8.74,7.72,8.08,62714487.0,2026-05-22,TE,7.096,6.188,5.7912,6.8474576271186445,2.9705882352941173,1.1396332863187588,1.5274102079395084,2132292558.0,13.6706,11.96,0.7312,1.3457,Miscellaneous,Industrial Machinery/Components,2.0,6.0,18.0,2.0,7.0,10.0
6.55,6.675,6.52,6.57,2416483.0,2026-05-22,TDOC,6.568,6.5685,5.9204,0.9426111908177908,0.9718934911242604,1.447136563876652,1.142608695652174,53162626.0,0.0076,5.73,0.3565,0.0056,Health Care,Medical/Nursing Services,11.0,13.0,7.0,10.0,10.25,107.0
33.0,33.97,32.895,33.44,1488337.0,2026-05-22,TDC,32.921,30.939,28.1054,1.5431472081218272,1.2566704246523863,1.1135531135531134,1.265228906545592,831980383.0,6.2073,5.19,1.526,0.3401,Technology,Computer Software: Prepackaged Software,15.0,21.0,63.0,19.0,29.5,176.0
7.65,7.8,7.485,7.56,1082639.0,2026-05-22,TDAY,7.473,7.374,7.1198,,1.7142857142857142,1.2923076923076924,1.037037037037037,31396531.0,1.3336,4.72,0.3378,0.2575,Consumer Discretionary,Newspapers/Magazines,5.0,1.0,1.0,1.0,2.0,37.0
15.88,16.165,15.739,16.04,1284820.0,2026-05-22,TALO,15.931,15.7345,15.3238,1.987608426270136,1.4962686567164178,1.2216298552932214,1.076510067114094,163172140.0,1.2411,4.2,0.6442,0.1692,Energy,Oil & Gas Production,19.0,25.0,27.0,26.0,24.25,80.0
75.34,75.63,73.11,74.05,574924.0,2026-05-22,SYRE,73.323,72.7668,62.2095,4.910477453580902,3.1550916063059224,1.7042577675489066,1.0628678053681642,1589664860.0,0.7614,6.27,4.3895,0.1656,Health Care,Biotechnology: Pharmaceutical Preparations,19.0,9.0,6.0,79.0,28.25,196.0
133.99,144.23,133.24,143.69,982158.0,2026-05-22,SYNA,128.963,116.229,92.4452,2.449539720422776,2.4553998632946,1.7726375524302984,1.530897080758577,9437556222.0,10.387,7.41,8.238,1.7877,Technology,Semiconductors,46.0,41.0,32.0,14.0,33.25,197.0
8.15,8.51,8.12,8.4,1920694.0,2026-05-22,SXC,7.88,7.469,6.8008,0.9905660377358492,1.3291139240506329,1.4608695652173913,1.2903225806451617,67224290.0,5.3554,4.31,0.3067,1.6955,Industrials,Steel/Iron Ore,15.0,12.0,2.0,2.0,7.75,146.0
73.59,82.46,73.59,82.42,5338625.0,2026-05-22,SWKS,71.459,69.3062,61.7141,1.1813100186326502,1.362314049586777,1.3759599332220367,1.2948939512961508,16197388250.0,3.0587,5.54,3.6982,2.9639,Technology,Semiconductors,76.0,72.0,59.0,40.0,61.75,321.0
10.89,12.34,10.47,12.26,398738.0,2026-05-22,SUPX,10.384,9.03,8.6634,1.1765834932821495,0.3164687661331956,0.887762490948588,1.371364653243848,25917970.0,13.9487,11.77,1.0012,1.8738,,,,,,,,
814.72,824.0,799.81,812.73,2534548.0,2026-05-22,STX,788.5285,759.3622,587.6961,6.926282597579683,3.3793347193347194,2.052244836119388,1.386319829424307,835189326056.0,3.7685,6.32,45.4147,0.5329,Technology,Electronic Components,3.0,2.0,2.0,2.0,2.25,9.0
9.86,10.2,9.68,9.98,4076463.0,2026-05-22,STUB,9.074,8.302,7.362,,0.967992240543162,1.0439330543933054,1.3958041958041958,199746687.0,8.8858,6.81,0.5481,1.653,Consumer Discretionary,Services-Misc. Amusement & Recreation,32.0,28.0,15.0,2.0,19.25,504.0
66.5,68.14,66.175,66.86,7691471.0,2026-05-22,STM,63.241,59.5615,46.639,2.6754701880752303,3.1537735849056605,1.963582966226138,1.3247473746780265,17344267105.0,5.9925,4.17,2.406,1.5042,Technology,Semiconductors,38.0,17.0,21.0,19.0,23.75,146.0
6.31,6.52,6.27,6.51,1317316.0,2026-05-22,STGW,6.222,6.34,6.4136,1.339506172839506,1.2616279069767442,1.443458980044346,0.9503649635036496,26346320.0,1.8787,4.52,0.2782,1.0352,Consumer Discretionary,Advertising,2.0,3.0,3.0,6.0,3.5,94.0
32.72,33.32,32.465,32.47,738729.0,2026-05-22,STAA,31.767,29.3845,24.7938,1.7959070796460177,1.1872029250457037,1.6440506329113924,1.2649006622516554,399652389.0,7.7921,4.85,1.3958,0.5037,Health Care,Ophthalmic Goods,1.0,2.0,1.0,1.0,1.25,5.0
48.0,48.89,47.33,48.59,1621118.0,2026-05-22,ST,47.561,45.24,40.4064,1.8461246200607904,1.703119523308798,1.2666840458811264,1.1655073159030944,1875633526.0,5.0021,4.03,1.7571,0.5856,Industrials,Industrial Machinery/Components,38.0,27.0,26.0,21.0,28.0,325.0
14.0,14.28,13.88,13.97,455000.0,2026-05-22,SSSS,13.451,13.455,12.3184,2.1828125,1.5591517857142856,1.523446019629226,1.0713190184049082,45045000.0,0.0297,4.11,0.5413,0.9588,Finance,Finance: Consumer Services,13.0,15.0,15.0,28.0,17.75,197.0
5.81,6.27,5.81,6.13,1726164.0,2026-05-22,SRTA,5.545,5.3575,4.7705,1.63903743315508,1.521091811414392,1.4595238095238094,1.2459349593495934,31070952.0,3.4396,5.94,0.3084,1.8969,Consumer Discretionary,Transportation Services,5.0,7.0,4.0,4.0,5.0,148.0
206.97,208.695,201.58,207.8,492162.0,2026-05-22,SPXC,202.766,205.772,207.3592,1.3630698589701544,1.0425969595103106,0.8550032916392364,0.9325913293241184,10352135508.0,1.4716,4.37,8.7933,0.5725,Industrials,Industrial Machinery/Components,54.0,90.0,96.0,82.0,80.5,392.0
6.73,6.94,6.685,6.82,918799.0,2026-05-22,SPT,6.5345,6.5207,5.9961,0.3180970149253731,0.7294117647058824,1.0073855243722305,1.1385642737896495,21132377.0,0.2114,6.25,0.3926,0.7272,Technology,Computer Software: Prepackaged Software,135.0,103.0,105.0,36.0,94.75,428.0
19.62,21.59,19.62,21.16,1517438.0,2026-05-22,SPIR,19.223,18.275,16.8584,1.9647168059424327,2.766013071895425,2.3882618510158014,1.2816474863718956,321696856.0,5.0563,10.27,1.7738,1.092,Consumer Discretionary,Telecommunications Equipment,18.0,6.0,1.0,14.0,9.75,301.0
14.78,15.5999,14.76,15.51,1740287.0,2026-05-22,SONO,14.835,14.799,14.1184,1.481375358166189,0.9724137931034484,1.047972972972973,1.0515254237288136,200133005.0,0.243,4.55,0.6468,1.0436,Consumer Staples,Consumer Electronics/Appliances,2.0,6.0,4.0,5.0,4.25,16.0
14.45,14.75,14.0126,14.74,2110034.0,2026-05-22,SOC,14.54,14.1015,14.6996,0.5285048404446038,3.4600938967136154,1.5764705882352943,1.085419734904271,217333502.0,3.062,7.29,0.9796,0.2042,Energy,Oil & Gas Production,81.0,1.0,2.0,46.0,32.5,90.0
1520.715,1528.0,1473.5201,1478.69,9657059.0,2026-05-22,SNDK,1436.161,1361.685,1022.678,38.32789009849663,7.545876709532558,2.315808431998998,1.493777149206991,10871617653371.0,5.3238,8.39,108.3772,0.3924,Technology,Electronic Components,1.0,1.0,1.0,1.0,1.0,1.0
111.89,112.81,110.6,112.03,1131595.0,2026-05-22,SN,107.568,110.6775,110.1436,1.208391759249272,1.3162965573963106,0.8744828662867847,0.9679453948505272,7058889610.0,2.8495,4.49,4.8189,0.9259,Consumer Discretionary,Consumer Electronics/Appliances,4.0,2.0,7.0,6.0,4.75,136.0
155.0,164.48,151.15,156.78,6409877.0,2026-05-22,SMTC,140.949,126.7075,103.1982,4.23615239124561,2.505673645517021,1.738715759121659,1.427998907004281,79681180987.0,10.6416,6.83,8.3582,1.8941,Technology,Semiconductors,22.0,32.0,28.0,24.0,26.5,162.0
33.8,35.935,33.68,35.58,39440978.0,2026-05-22,SMCI,32.623,31.3605,27.9588,0.8479504289799809,1.1273764258555132,1.1429489238676518,1.2235213204951858,23861791690.0,3.9463,6.39,1.9535,1.5137,Technology,Computer Manufacturing,6.0,6.0,7.0,3.0,5.5,40.0
33.64,34.06,33.054,33.77,3030582.0,2026-05-22,SM,32.905,31.5705,30.1244,1.4273034657650043,1.832338578404775,1.5035618878005343,1.173384294649062,1706217666.0,4.1396,4.67,1.4358,0.6025,Energy,Oil & Gas Production,43.0,10.0,9.0,5.0,16.75,67.0
7.67,8.27,7.3512,7.78,10694192.0,2026-05-22,SLS,7.3,6.133,5.3361,4.370786516853933,5.328767123287672,1.641350210970464,1.7443946188340809,320825760.0,17.3751,10.35,0.6482,0.7405,Health Care,Biotechnology: Pharmaceutical Preparations,22.0,3.0,2.0,2.0,7.25,75.0
37.0,38.39,36.902,37.21,1390903.0,2026-05-22,SKYT,35.591,34.1575,31.4678,4.048966267682264,2.744100294985251,1.32325746799431,1.1081000595592616,984759324.0,4.1105,4.43,1.4639,1.1059,Technology,Semiconductors,19.0,35.0,56.0,55.0,41.25,229.0
267.0,278.495,263.99,276.14,802677.0,2026-05-22,SIMO,260.628,244.7565,173.884,4.433847141939627,3.4448602794411176,2.032084774449922,1.7994265606672746,29506406520.0,6.281,8.49,19.1227,0.8112,Technology,Semiconductors,16.0,14.0,22.0,6.0,14.5,105.0
4.185,5.22,4.15,5.12,40583051.0,2026-05-22,SIDU,3.8985,3.5618,3.4528,3.482993197278912,7.209236834694452,2.438095238095238,1.497076023391813,446413561.0,9.0264,14.31,0.4761,2.5656,Telecommunications,Telecommunications Equipment,8.0,1.0,3.0,20.0,8.0,18.0
41.39,42.55,41.08,41.93,869933.0,2026-05-22,SHOO,39.74,39.0075,37.0748,1.6372510737992971,1.107062706270627,1.1223233404710922,1.086832555728357,760321442.0,1.8604,4.05,1.5448,1.4177,Consumer Discretionary,Shoe Manufacturing,1.0,4.0,2.0,2.0,2.25,47.0
7.5,8.18,7.26,7.49,1140757.0,2026-05-22,SHMD,6.977,6.3905,6.2121,2.665480427046264,1.9354005167958657,1.0204359673024523,1.0746054519368724,34222710.0,8.775,10.84,0.6607,0.7764,Technology,Industrial Machinery/Components,27.0,19.0,77.0,26.0,37.25,211.0
9.7,10.18,9.41,9.91,4386131.0,2026-05-22,SHLS,9.4975,8.8397,7.6185,2.207126948775056,1.3284182305630028,1.449890270665691,1.2496847414880203,210534288.0,7.1745,8.54,0.7173,0.5751,Technology,Semiconductors,49.0,70.0,75.0,30.0,56.0,298.0
58.4,68.55,57.85,68.06,1225489.0,2026-05-22,SHAZ,56.0375,52.0743,38.86,,,2.2543888704869164,1.6131784783123964,2430144687.0,7.3317,12.94,6.1421,1.9574,Technology,EDP Services,99.0,100.0,7.0,7.0,53.25,286.0
13.53,13.71,13.43,13.51,2438701.0,2026-05-22,SGHC,13.422,13.174,11.8856,1.5969267139479904,1.191358024691358,1.2757318224740322,1.078212290502793,224360492.0,1.8649,4.32,0.554,0.1588,Consumer Discretionary,Services-Misc. Amusement & Recreation,7.0,19.0,4.0,10.0,10.0,308.0
9.92,10.63,9.37,9.78,11087481.0,2026-05-22,SG,8.21,7.531,6.5252,0.7244444444444444,1.6165289256198347,1.807763401109057,1.369747899159664,554374050.0,8.6272,8.09,0.5855,2.6815,Consumer Discretionary,Restaurants,24.0,2.0,1.0,1.0,7.0,222.0
27.93,29.885,27.93,28.36,347216.0,2026-05-22,SEPN,26.988,25.5035,24.9934,2.9176954732510287,1.193100546907867,0.9189889825016202,1.1495743818402917,144789072.0,5.6562,6.87,1.6862,0.8137,Health Care,Biotechnology: Pharmaceutical Preparations,44.0,69.0,102.0,44.0,64.75,310.0
62.8,63.4,58.5,61.95,4079258.0,2026-05-22,SEDG,54.912,48.4615,46.4538,3.661347517730496,1.8721668177697188,1.4383561643835616,1.351734671612481,7562944332.0,12.48,11.51,5.2868,1.3312,Technology,Semiconductors,23.0,57.0,30.0,21.0,32.75,192.0
9.77,10.635,9.77,10.61,10704620.0,2026-05-22,SATL,9.294,8.1485,6.8515,2.7066326530612246,8.354330708661417,3.284829721362229,1.719611021069692,556640240.0,13.1346,11.31,0.8588,1.5324,Technology,Radio And Television Broadcasting And Communications Equipment,7.0,2.0,2.0,4.0,3.75,19.0
238.0,246.7199,237.0,246.44,782098.0,2026-05-22,SANM,234.802,231.055,180.2116,2.9123138737887024,1.7060574593284874,1.558070430549409,1.2824729392173189,22865417128.0,1.6086,6.15,13.5476,0.859,Technology,Electrical Products,10.0,15.0,6.0,6.0,9.25,63.0
15.18,15.89,15.0373,15.75,2693287.0,2026-05-22,SAIL,13.991,12.93,12.5612,0.8943781942078365,0.8943781942078365,1.2004573170731707,1.3179916317991631,320501153.0,7.8823,5.94,0.7375,2.3851,Technology,Computer Software: Prepackaged Software,55.0,77.0,75.0,13.0,55.0,295.0
459.17,466.65,448.0,456.23,367121.0,2026-05-22,SAIA,453.253,445.4845,405.1008,1.70171577769489,1.8214228680932607,1.136144038250822,1.0311680679866198,38375158130.0,1.7288,4.79,20.6108,0.1444,Industrials,Trucking Freight/Courier Services,3.0,4.0,8.0,9.0,6.0,104.0
76.37,78.19,76.165,78.16,231290.0,2026-05-22,SAH,75.708,76.6745,70.4682,1.1170501643561526,1.3074606891937102,1.243595863166269,1.0879732739420935,688781620.0,1.2685,4.81,3.5565,0.6894,Consumer Discretionary,Retail-Auto Dealers and Gas Stations,6.0,6.0,4.0,4.0,5.0,148.0
18.29,18.81,18.13,18.71,6993228.0,2026-05-22,S,17.329,16.3665,14.7232,0.951194712760549,1.2024421593830334,1.4663009404388716,1.3139044943820226,1195841988.0,5.7129,4.54,0.7187,1.9215,Technology,Computer Software: Prepackaged Software,51.0,32.0,20.0,12.0,28.75,172.0
25.03,25.03,23.89,24.37,2458518.0,2026-05-22,RXO,21.323,20.623,17.7342,1.572258064516129,2.325381679389313,1.6421832884097036,1.257481940144479,735096882.0,3.3376,7.92,1.5542,1.9605,Consumer Discretionary,Transportation Services,6.0,1.0,2.0,2.0,2.75,66.0
154.42,156.245,151.44,151.56,1935096.0,2026-05-22,RVMD,149.181,146.772,126.7902,4.016962629207527,2.168860904407556,1.4457693408375465,1.1201773835920177,22894120776.0,1.628,4.06,5.8116,0.4094,Health Care,Biotechnology: Biological Products (No Diagnostic Substances),9.0,5.0,5.0,14.0,8.25,85.0
14.42,14.82,14.14,14.62,5841027.0,2026-05-22,RUN,14.107,13.6815,13.1684,2.165925925925926,0.8208871420550253,0.7273631840796019,1.1475667189952905,613307835.0,3.0624,6.84,0.9028,0.5682,Miscellaneous,Industrial Machinery/Components,34.0,110.0,119.0,25.0,72.0,20.0
8.02,8.49,8.0,8.2,3058248.0,2026-05-22,RUM,7.7875,7.6412,6.3707,0.8723404255319148,1.5413533834586464,1.4335664335664335,1.2576687116564418,103980432.0,1.8965,9.28,0.668,0.6175,Technology,Computer Software: Programming Data Processing,25.0,5.0,9.0,8.0,11.75,85.0
7.09,7.45,7.09,7.27,1733500.0,2026-05-22,RPD,6.791,6.5775,6.0892,0.3249888243182834,0.5291120815138282,1.187908496732026,1.2218487394957982,45071000.0,3.1941,6.82,0.4332,1.1057,Technology,Computer Software: Prepackaged Software,136.0,136.0,58.0,29.0,89.75,419.0
42.59,44.38,42.59,43.54,1050520.0,2026-05-22,RNG,41.576,42.859,39.9668,1.6720430107526882,1.6669218989280243,1.2372833191247514,1.0645476772616138,992741400.0,3.039,6.55,2.6882,0.7306,Technology,EDP Services,10.0,9.0,24.0,35.0,19.5,128.0
143.01,144.06,139.09,142.98,1601213.0,2026-05-22,RMBS,132.861,126.4488,114.7453,2.636548036142357,1.6381759853345552,1.450542761489297,0.9026515151515152,16042553047.0,4.9456,7.07,8.4618,1.1958,Technology,Semiconductors,42.0,62.0,50.0,56.0,52.5,282.0
13.52,13.95,13.4,13.53,5355352.0,2026-05-22,RLAY,12.917,12.879,12.8526,4.5864406779661016,2.1206896551724137,1.473856209150327,0.8942498347653667,498047736.0,0.2946,8.46,1.0512,0.5831,Health Care,Biotechnology: Biological Products (No Diagnostic Substances),5.0,8.0,4.0,69.0,21.5,167.0
131.41,139.76,131.31,135.76,32970699.0,2026-05-22,RKLB,127.844,107.0245,86.4488,4.692706533010715,3.4387031408308006,1.940260111476347,1.7038152610441764,302539134024.0,17.7286,9.14,9.2356,0.8571,Industrials,Military/Government/Technical,1.0,2.0,4.0,3.0,2.5,30.0
24.59,25.065,24.31,24.49,11154149.0,2026-05-22,RIOT,24.0465,22.2508,18.2026,2.922434367541765,1.9162754303599367,1.484242424242424,1.3159591617409994,3402015445.0,7.7573,5.97,1.26,0.352,Finance,Finance: Consumer Services,9.0,6.0,13.0,8.0,9.0,99.0
10.13,10.71,10.13,10.68,1085528.0,2026-05-22,RILY,9.503,9.0075,8.0044,3.423076923076923,2.573493975903614,1.5322812051649928,1.3979057591623036,58618512.0,5.3537,8.97,0.7574,1.554,Finance,Investment Managers,2.0,3.0,3.0,2.0,2.5,14.0
12.26,16.6199,11.87,15.17,955490.0,2026-05-22,RGTIW,9.267,8.6582,7.5246,2.8785578747628087,1.3134199134199134,2.2675974229809115,2.118715083798883,94593510.0,6.7927,15.24,1.2657,4.6638,Technology,EDP Services,8.0,71.0,15.0,27.0,30.25,179.0
22.96,27.785,22.66,26.42,204233224.0,2026-05-22,RGTI,19.4565,18.7918,17.0343,1.865819209039548,1.1587719298245611,1.6031553398058254,1.5906080674292595,64333465560.0,3.4757,10.43,1.8791,3.7058,Technology,EDP Services,15.0,54.0,27.0,32.0,32.0,189.0
37.41,38.62,37.25,38.6,236409.0,2026-05-22,REPX,37.71,36.542,36.2702,1.4829043411448328,1.5232833464877664,1.397032211364459,1.0934844192634563,169978071.0,3.146,4.93,1.748,0.5092,Energy,Oil & Gas Production,40.0,32.0,16.0,30.0,29.5,88.0
15.72,17.89,15.7,17.49,55447729.0,2026-05-22,RDW,14.19,11.8735,10.5122,1.12911555842479,3.4565217391304346,2.0771971496437054,1.8068181818181817,7762682060.0,17.7758,12.43,1.4038,2.3508,Industrials,Military/Government/Technical,15.0,3.0,3.0,4.0,6.25,112.0
65.0,67.22,64.895,66.59,2429776.0,2026-05-22,RBRK,63.889,60.712,54.432,0.7077266447018812,0.9837494460038412,1.3046630094043887,1.2737184391736802,5299341456.0,5.0995,4.44,2.6203,1.0308,Technology,Computer Software: Prepackaged Software,78.0,45.0,25.0,17.0,41.25,229.0
20.32,20.77,19.985,20.11,361230.0,2026-05-22,QUIK,19.789,18.5505,13.8408,3.837786259541984,3.666362807657247,2.5263819095477387,1.5374617737003058,75135840.0,6.4607,10.83,1.8578,0.1728,Technology,Semiconductors,18.0,11.0,12.0,11.0,13.0,89.0
11.615,13.39,11.61,12.31,68053940.0,2026-05-22,QUBT,10.867,10.134,8.7186,0.9624706802189212,1.198636806231743,1.5178791615289768,1.376957494407159,5308207320.0,6.9806,9.94,0.9887,1.4595,Technology,Computer Software: Prepackaged Software,61.0,55.0,23.0,40.0,44.75,246.0
8.3,8.57,8.0901,8.2,21355074.0,2026-05-22,QS,8.119,7.7435,7.1324,1.898148148148148,0.6996587030716722,1.165600568585643,1.1357340720221607,747427590.0,4.7344,8.28,0.6112,0.1325,Miscellaneous,Industrial Machinery/Components,36.0,118.0,35.0,31.0,55.0,18.0
98.75,106.46,98.26,106.43,1497256.0,2026-05-22,QRVO,95.3415,93.1607,85.3877,1.4020550652088,1.3429652996845427,1.2795143063236354,1.2121867881548976,7830648880.0,2.3138,4.11,3.7317,2.9714,Technology,Semiconductors,70.0,69.0,60.0,44.0,60.75,316.0
2.86,3.28,2.82,3.28,2084748.0,2026-05-22,QNC,2.842,2.8195,2.649,3.123809523809524,1.9192510239906373,0.8654353562005277,1.2193308550185873,10423740.0,0.7948,7.51,0.2031,2.1566,,,,,,,,
101.21,104.52,101.13,102.37,605560.0,2026-05-22,QLYS,95.606,93.1535,89.9159,0.7517256572183875,0.7423495286439449,1.1789704019348153,1.2137775669907518,3200384600.0,2.5985,5.25,4.6778,1.446,Technology,Computer Software: Prepackaged Software,73.0,100.0,67.0,26.0,66.5,342.0
214.43,243.0,214.17,238.16,30375674.0,2026-05-22,QCOM,209.179,198.0525,158.2352,1.613550135501355,1.4923240804561688,1.6449785882027903,1.6,790435788828.0,5.4645,8.48,16.043,1.8065,Technology,Radio And Television Broadcasting And Communications Equipment,12.0,14.0,7.0,2.0,8.75,60.0
26.34,31.55,26.11,29.4,141703186.0,2026-05-22,QBTS,22.37,21.7865,18.7492,1.675213675213675,1.433447098976109,1.5755627009646302,1.5900486749594376,58381712632.0,2.6429,10.27,2.1454,3.2768,Technology,EDP Services,23.0,30.0,26.0,29.0,27.0,165.0
155.0,157.74,153.29,156.93,1565186.0,2026-05-22,Q,156.149,150.275,134.7206,,2.0951935914552737,1.34369380940149,1.0861710963455151,18923098740.0,3.8339,4.47,6.5678,0.1189,Technology,Semiconductors,83.0,50.0,47.0,48.0,57.0,307.0
87.0,88.99,86.43,88.92,581575.0,2026-05-22,PVH,82.969,86.3225,82.3486,1.026671285071008,1.221596373128177,1.287762490948588,0.9495941905168732,2236737450.0,3.9618,4.07,3.4127,1.7438,Industrials,Garments and Clothing,3.0,1.0,1.0,3.0,2.0,19.0
8.65,8.76,7.375,7.67,22015327.0,2026-05-22,PURR,7.392,6.886,6.1628,6.640692640692641,1.7392290249433109,1.941772151898734,1.278333333333333,704490464.0,7.0878,8.63,0.5773,0.4816,Finance,Finance: Consumer Services,1.0,8.0,4.0,6.0,4.75,43.0
10.21,10.3951,10.2,10.36,442393.0,2026-05-22,PUBM,9.913,10.0145,9.2143,0.8540807914262158,1.2074592074592074,1.61875,1.0769230769230769,23446829.0,1.0187,4.65,0.4522,0.9885,Technology,Computer Software: Programming Data Processing,21.0,20.0,6.0,18.0,16.25,114.0
17.75,18.295,17.73,18.22,1379324.0,2026-05-22,PTRN,17.249,15.8865,13.8916,,1.190849673202614,1.8998957247132429,1.3496296296296295,223450488.0,8.2238,5.56,0.8538,1.1373,Consumer Discretionary,Catalog/Specialty Distribution,19.0,8.0,1.0,1.0,7.25,232.0
5.38,5.785,5.379,5.71,34904214.0,2026-05-22,PTON,5.289,5.3345,4.8606,0.796373779637378,0.8935837245696401,1.4133663366336633,1.1023166023166024,558467424.0,0.8566,5.66,0.2931,1.4364,Consumer Discretionary,Recreational Games/Products/Toys,9.0,9.0,2.0,3.0,5.75,182.0
8.35,8.69,8.05,8.47,2691032.0,2026-05-22,PSNL,7.218,6.465,6.5634,1.802127659574468,1.0229468599033815,1.0217129071170086,1.3885245901639347,94186120.0,11.0064,9.88,0.6081,2.0589,Health Care,Medical Specialities,5.0,16.0,21.0,8.0,12.5,116.0
23.27,23.76,23.1,23.49,2870388.0,2026-05-22,PRMB,23.149,22.007,20.4638,0.7181290125343931,1.568090787716956,1.2133264462809916,1.151470588235294,786486312.0,5.058,4.47,0.9503,0.3588,Consumer Staples,Beverages (Production/Distribution),21.0,4.0,5.0,6.0,9.0,47.0
70.23,71.83,70.23,71.36,208327.0,2026-05-22,PRLB,71.184,68.855,63.509,1.8903311258278144,1.5244605853450115,1.1276864728192162,1.104302073661405,525400694.0,3.3262,4.45,2.9056,0.0606,Industrials,Metal Fabrications,9.0,9.0,14.0,4.0,9.0,168.0
350.43,353.0,342.98,343.56,249964.0,2026-05-22,PRAX,339.957,334.59,323.3894,9.27788279773157,2.0937290511304774,1.00248023109918,0.9963459196102314,15131820704.0,1.5913,6.32,20.3806,0.1768,Health Care,Biotechnology: Pharmaceutical Preparations,6.0,30.0,103.0,82.0,55.25,288.0
3.755,3.92,3.69,3.78,71431978.0,2026-05-22,PLUG,3.65,3.4355,2.942,4.079870480302213,2.0,1.9790575916230368,1.2038216560509554,500023846.0,6.0546,10.39,0.3378,0.3848,Energy,Industrial Machinery/Components,8.0,26.0,8.0,30.0,18.0,70.0
25.92,26.609,25.1,25.89,250593.0,2026-05-22,PLSE,25.257,22.6125,22.0301,1.4439486893474625,2.0450236966824646,1.363349131121643,1.1246741963509992,83698062.0,11.0488,7.89,1.7282,0.3663,Health Care,Medical/Dental Instruments,7.0,3.0,13.0,15.0,9.5,99.0
51.81,52.6,51.01,51.46,682318.0,2026-05-22,PLAB,50.258,50.4825,45.9804,3.037780401416765,2.537475345167653,1.3545669913135034,0.9845035393150948,915670756.0,0.4457,5.04,2.4583,0.489,Technology,Semiconductors,41.0,27.0,48.0,64.0,45.0,250.0
43.35,45.2658,43.1001,44.35,9809772.0,2026-05-22,PL,42.125,39.7855,36.011,11.115288220551378,3.9492430988423854,1.7948199109672198,1.251410835214447,9564527700.0,5.7123,9.21,3.4512,0.6447,Technology,Radio And Television Broadcasting And Communications Equipment,1.0,3.0,5.0,9.0,4.5,25.0
33.33,34.695,32.94,34.6,273716.0,2026-05-22,PKE,33.708,33.694,31.6244,2.5255474452554747,1.8316569613552145,1.2490974729241875,1.043740573152338,156291836.0,0.0415,4.39,1.436,0.6212,Industrials,Military/Government/Technical,4.0,7.0,8.0,16.0,8.75,164.0
66.29,68.24,66.27,67.83,655824.0,2026-05-22,PII,64.67,65.521,59.534,1.7042713567839196,1.1337121845228146,1.0601750547045952,1.129746835443038,1482818064.0,1.3073,5.43,3.3568,0.9414,Consumer Discretionary,Industrial Specialties,5.0,16.0,12.0,5.0,9.5,289.0
141.77,152.705,141.57,149.76,399641.0,2026-05-22,PI,141.886,142.8015,120.7608,1.3036211699164346,1.0123022847100176,1.219543973941368,1.2086191590670647,4319719569.0,0.6432,6.8,9.3184,0.845,Technology,Industrial Machinery/Components,68.0,93.0,39.0,24.0,56.0,298.0
24.73,25.105,24.28,24.88,1464396.0,2026-05-22,PGNY,24.163,21.8815,19.275,1.1708235294117646,1.0020136931131696,1.19730510105871,1.369290038525041,446640780.0,9.91,4.49,0.9777,0.7334,Health Care,Misc Health and Biotechnology Services,5.0,6.0,3.0,2.0,4.0,36.0
48.93,54.28,48.93,53.21,3177577.0,2026-05-22,PENG,47.91,41.5985,29.8072,2.9577543079488606,3.016439909297052,2.630252100840336,1.7337895079830563,4219822256.0,14.1026,9.16,3.6648,1.4462,Technology,Semiconductors,36.0,23.0,11.0,8.0,19.5,128.0
45.0,46.86,44.12,46.09,509030.0,2026-05-22,PDFS,45.951,46.0135,40.8808,2.542195256480971,1.922018348623853,1.389089813140446,0.9913959991396,526337020.0,0.1359,6.24,2.743,0.0507,Technology,Computer Software: Prepackaged Software,4.0,5.0,17.0,63.0,22.25,142.0
30.25,31.95,29.0018,31.01,259066.0,2026-05-22,PBT,29.546,26.2715,23.4892,2.753996447602132,1.7066593285635665,1.5829504849412968,1.394334532374101,119947558.0,11.7329,6.7,1.7409,0.8409,Energy,Oil & Gas Production,10.0,19.0,5.0,1.0,8.75,39.0
6.365,6.78,6.36,6.72,533670.0,2026-05-22,PAYS,6.1265,6.3797,5.7275,1.5448275862068963,1.3306930693069308,2.042553191489361,1.0803858520900322,11740740.0,4.0492,7.56,0.4451,1.3334,Technology,EDP Services,6.0,17.0,4.0,40.0,16.75,118.0
251.12,261.412,249.5,260.58,6629104.0,2026-05-22,PANW,242.519,215.9205,185.6956,1.3875399361022362,1.4080077808396825,1.8393449565892568,1.459504872857623,216181710544.0,11.6039,4.67,9.9067,1.8231,Technology,Computer peripheral equipment,2.0,3.0,1.0,2.0,2.0,7.0
6.27,6.42,6.15,6.28,634435.0,2026-05-22,PACK,6.041,5.8225,4.564,1.8635014836795247,1.4638694638694638,1.2147001934235977,1.491686460807601,12688700.0,3.6836,6.52,0.3532,0.6767,Consumer Discretionary,Containers/Packaging,2.0,2.0,2.0,1.0,1.75,28.0
80.4,87.97,80.38,87.2,5092530.0,2026-05-22,P,80.897,77.832,69.0272,1.5422709586133712,1.03858980466889,1.1996148025863256,1.22077558448831,18007186080.0,3.8619,5.22,4.012,1.571,Technology,Electronic Components,11.0,13.0,11.0,4.0,9.75,67.0
35.26,37.99,35.26,37.03,5490017.0,2026-05-22,OUST,32.953,29.8632,25.1141,3.1013400335008376,1.877789046653144,1.9855227882037536,1.31218993621545,3678311390.0,9.8376,12.45,3.4251,1.1903,Industrials,Industrial Machinery/Components,14.0,30.0,9.0,14.0,16.75,265.0
16.79,18.49,16.58,17.83,2072522.0,2026-05-22,OSS,16.306,14.11,11.0521,6.460144927536232,4.108294930875576,1.938043478260869,1.8362512873326464,317095866.0,14.4398,12.1,1.5595,0.9772,Technology,Computer Manufacturing,1.0,1.0,2.0,1.0,1.25,3.0
191.67,197.0,191.1,192.08,10875803.0,2026-05-22,ORCL,189.3,185.003,167.9036,1.1722917302410742,0.9116711756609236,1.31435609689339,1.108494921514312,204715239869.0,2.296,4.36,7.8778,0.3529,Technology,Computer Software: Prepackaged Software,24.0,58.0,27.0,62.0,42.75,237.0
110.86,117.89,110.83,116.2,8495759.0,2026-05-22,ON,111.238,106.4955,84.8644,2.712101762165948,2.5879732739420938,1.659288876195916,1.1808943089430894,55502793547.0,4.3562,5.01,5.1557,0.9624,Technology,Semiconductors,39.0,28.0,31.0,38.0,34.0,199.0
16.48,16.9,16.225,16.51,560306.0,2026-05-22,OMDA,16.307,15.741,14.2642,,0.9086406164006604,1.4331597222222223,1.1521284019539428,76761922.0,3.5322,5.72,0.8594,0.2362,Health Care,Medical/Nursing Services,20.0,18.0,6.0,8.0,13.0,120.0
44.01,44.655,43.9123,44.41,290232.0,2026-05-22,OMCL,43.748,43.576,38.5654,1.5120871637725568,1.2939976689976689,1.106102117061021,1.1883864062081884,284427360.0,0.3939,4.33,1.8392,0.3599,Technology,Computer Manufacturing,3.0,3.0,6.0,2.0,3.5,16.0
90.11,92.38,89.35,92.24,3007460.0,2026-05-22,OKTA,85.398,81.7335,77.9623,0.8765977666904253,1.177732379979571,1.2965982569581107,1.2140036851803104,12411787420.0,4.3852,4.26,3.411,2.0059,Technology,Computer Software: Prepackaged Software,77.0,33.0,39.0,27.0,44.0,243.0
208.995,210.96,206.125,210.47,1269937.0,2026-05-22,ODFL,202.65,202.8125,202.0984,1.295758172751339,1.6665610895557843,1.0700050838840875,0.9567687971633784,27610970254.0,0.0802,4.09,8.1556,0.9589,Industrials,Trucking Freight/Courier Services,12.0,11.0,12.0,12.0,11.75,210.0
300.8,316.81,300.6201,316.47,2948747.0,2026-05-22,NXPI,298.965,293.787,240.9126,1.612914734213343,1.7181714533905208,1.348804500703235,1.2967956072774955,140419332140.0,1.7471,4.14,11.8595,1.476,Technology,Semiconductors,65.0,60.0,52.0,26.0,50.75,276.0
24.61,29.5,24.41,29.25,51180816.0,2026-05-22,NVTS,22.416,19.775,14.4723,4.748376623376624,3.874172185430464,3.5411622276029058,1.6927083333333333,18425093760.0,12.5193,14.89,2.705,2.5264,Technology,Semiconductors,11.0,15.0,5.0,22.0,13.25,90.0
17.98,18.17,17.78,17.96,848886.0,2026-05-22,NVCR,17.802,16.8012,13.7063,0.9272070211667528,1.5671902268760909,1.5298126064735946,1.4402566158781074,137519532.0,5.7844,5.9,0.9387,0.1683,Health Care,Medical/Dental Instruments,22.0,6.0,1.0,2.0,7.75,80.0
8.94,9.23,8.92,9.21,4434612.0,2026-05-22,NVAX,9.153,8.8857,8.7845,1.3309248554913296,1.4807073954983925,0.9735729386892178,1.1204379562043796,181819092.0,2.9636,6.43,0.5648,0.1009,Health Care,Biotechnology: Biological Products (No Diagnostic Substances),58.0,27.0,36.0,11.0,33.0,222.0
4.83,4.89,4.63,4.72,4196790.0,2026-05-22,NUVB,4.592,4.62,4.5964,2.145454545454545,0.6733238231098431,0.8368794326241135,0.9652351738241308,46164690.0,0.6079,6.96,0.3065,0.4176,Health Care,Biotechnology: Pharmaceutical Preparations,80.0,139.0,177.0,158.0,138.5,430.0
11.65,12.05,11.59,11.75,3058268.0,2026-05-22,NTSK,11.295,10.963,9.9248,,0.6564245810055866,1.182092555331992,1.2201453790238836,214078760.0,2.9832,5.87,0.619,0.7351,Technology,Computer Software: Prepackaged Software,145.0,123.0,59.0,28.0,88.75,416.0
204.37,210.67,202.255,203.19,1036809.0,2026-05-22,NTRA,198.687,202.0925,201.6394,1.2604056820296508,0.900864553314121,0.9697418030830908,0.9972515337423312,22089215745.0,1.6994,5.32,10.4408,0.4313,Health Care,Medical Specialities,10.0,22.0,20.0,20.0,18.0,146.0
25.12,26.14,25.1,25.79,403717.0,2026-05-22,NTGR,25.152,25.4245,24.3774,0.8570953805250914,1.060880296174414,1.2698178237321518,1.0062426843542724,132419176.0,1.0776,4.52,1.1257,0.5668,Utilities,Telecommunications Equipment,44.0,38.0,19.0,38.0,34.75,110.0
30.87,32.205,30.74,32.09,435482.0,2026-05-22,NSP,30.825,31.47,29.1184,0.499688570538773,0.9889060092449924,1.4500677812923637,0.9792493133963992,215563590.0,2.0708,7.63,2.2902,0.5524,Consumer Discretionary,Professional Services,21.0,12.0,7.0,12.0,13.0,403.0
93.75,97.98,93.75,97.73,369414.0,2026-05-22,NSIT,90.878,82.762,76.2654,0.7294916772411735,1.1895082765335931,1.1771862201879066,1.3345623378396831,1696718502.0,9.3481,6.3,4.8788,1.4044,Consumer Discretionary,Catalog/Specialty Distribution,14.0,9.0,4.0,2.0,7.25,232.0
17.54,17.85,17.32,17.5,1053788.0,2026-05-22,NRIX,16.3725,16.5208,16.0987,1.7430278884462154,1.1415525114155252,1.0923845193508115,1.0491606714628297,163337140.0,0.9017,5.46,0.8726,1.2921,Health Care,Biotechnology: Pharmaceutical Preparations,106.0,64.0,85.0,68.0,80.75,336.0
15.33,15.52,15.0801,15.52,753926.0,2026-05-22,NPKI,15.368,15.455,14.914,1.9136868064118373,1.3844781445138268,1.0725639253628196,1.0278145695364238,88209342.0,0.5645,4.76,0.7082,0.2146,Consumer Discretionary,Oil and Gas Field Machinery,7.0,11.0,7.0,9.0,8.5,270.0
27.29,27.93,26.97,27.87,487546.0,2026-05-22,NP,27.605,27.1965,25.8526,,1.207016024252923,1.3661764705882355,1.039537486012682,183804842.0,1.4908,6.25,1.625,0.1631,Finance,Specialty Insurers,23.0,2.0,3.0,10.0,9.5,104.0
102.18,104.59,99.4328,102.13,23646295.0,2026-05-22,NOW,97.168,93.991,97.8354,0.5,0.6379456812332908,0.9964874621914334,1.1326383497837418,122960734000.0,3.3239,4.75,4.3974,1.1284,Technology,Computer Software: Prepackaged Software,117.0,122.0,92.0,80.0,102.75,437.0
155.36,160.09,154.2,159.7,284315.0,2026-05-22,NOVT,154.5215,143.2162,130.9509,1.3082657491603178,1.609554525297319,1.1619615832363213,1.190902311707681,3509300045.0,7.5941,5.22,7.2184,0.7174,Miscellaneous,Industrial Machinery/Components,62.0,35.0,45.0,22.0,41.0,15.0
14.7,15.78,14.575,15.47,127724373.0,2026-05-22,NOK,14.115,13.498,10.9156,2.8701298701298703,2.635434412265758,2.0654205607476634,1.4789674952198852,14688302895.0,4.4689,6.47,0.8351,1.6226,Technology,Radio And Television Broadcasting And Communications Equipment,8.0,6.0,4.0,3.0,5.25,36.0
21.655,22.2705,21.385,21.74,1524487.0,2026-05-22,NN,21.6875,20.2727,18.7266,1.7037617554858933,1.9120492524186457,1.3159806295399514,1.22755505364201,362827906.0,6.7435,7.08,1.3715,0.0383,Industrials,Industrial Machinery/Components,40.0,21.0,21.0,32.0,28.5,327.0
7.35,7.93,7.35,7.56,1240382.0,2026-05-22,NMAX,7.135,6.634,6.4898,0.3516279069767442,1.0120481927710845,1.3404255319148937,1.2134831460674156,35971078.0,7.2772,7.08,0.4488,0.947,Industrials,Broadcasting,16.0,8.0,5.0,11.0,10.0,189.0
6.03,6.71,6.02,6.45,609238.0,2026-05-22,NKLR,5.844,5.994,5.542,0.6056338028169014,1.5140845070422535,1.34375,0.8884297520661157,12184760.0,2.5342,9.24,0.5272,1.1495,Industrials,Metal Fabrications,28.0,15.0,3.0,28.0,18.5,274.0
214.6,216.79,211.07,216.17,2115981.0,2026-05-22,NET,203.686,212.1715,208.0516,1.3345474749969133,1.1294738492084226,1.3196386057017275,1.0439464915246053,48411529299.0,4.081,5.24,10.7397,1.1624,Technology,Computer Software: Prepackaged Software,18.0,35.0,40.0,65.0,39.5,221.0
9.11,9.36,9.07,9.23,779058.0,2026-05-22,NEO,8.672,8.842,8.344,1.243935309973046,0.8707547169811322,0.9564766839378238,1.1133896260554887,32720436.0,1.9413,6.27,0.532,1.0489,Health Care,Precision Instruments,2.0,2.0,2.0,2.0,2.0,14.0
219.26,221.9199,210.7301,214.77,10606677.0,2026-05-22,NBIS,207.151,186.814,153.2186,5.423484848484849,2.537452741020794,2.093682979138234,1.4594319108453384,248015928291.0,10.3243,9.42,16.7943,0.4537,Technology,Computer Software: Programming Data Processing,2.0,3.0,3.0,4.0,3.0,15.0
19.07,19.985,18.89,19.88,4619878.0,2026-05-22,NAVN,18.634,18.287,14.8086,,1.3970484891075192,2.1003697834125727,1.2743589743589745,873156942.0,1.8797,5.93,1.0395,1.1987,Technology,Computer Software: Prepackaged Software,144.0,23.0,5.0,20.0,48.0,263.0
97.856,99.4955,88.5,99.16,4225094.0,2026-05-22,MXL,93.837,86.5665,48.5606,8.675415573053368,7.598467432950191,5.433424657534246,1.6438992042440317,18603088882.0,8.0603,13.3,10.3934,0.5122,Technology,Semiconductors,4.0,3.0,1.0,1.0,2.25,9.0
756.815,780.1999,747.2,751.0,36002915.0,2026-05-22,MU,745.835,680.624,525.729,7.808276148887502,3.729453245269901,1.796607736657018,1.511918183282332,10494237672945.0,9.1431,6.86,44.5848,0.1158,Technology,Semiconductors,5.0,13.0,25.0,12.0,13.75,94.0
387.39,390.0,372.0501,385.98,970670.0,2026-05-22,MTSI,374.129,340.8825,284.7232,3.14469610558905,2.483943625715941,1.5545531435015507,1.3418856904463914,70422108500.0,9.2996,5.44,17.9699,0.6595,Technology,Semiconductors,30.0,29.0,33.0,27.0,29.75,177.0
212.54,217.91,210.6925,215.04,215217.0,2026-05-22,MTRN,206.843,198.346,173.4924,2.7775768535262206,1.8932910723718963,1.3867285741923003,1.1568131690784873,4940521452.0,4.1941,4.94,9.3262,0.8789,Industrials,Industrial Specialties,1.0,3.0,3.0,2.0,2.25,25.0
194.72,198.395,192.22,196.33,19823206.0,2026-05-22,MRVL,181.163,172.8535,139.5562,3.039634618361976,2.56038080333855,2.504528638856997,1.194875540137545,377988892008.0,4.6944,6.08,10.0846,1.504,Technology,Semiconductors,32.0,30.0,14.0,39.0,28.75,172.0
4.48,4.52,4.3413,4.4,2235693.0,2026-05-22,MRVI,4.356,4.156,3.5724,1.990950226244344,1.286549707602339,1.4102564102564104,1.23943661971831,22356930.0,4.6992,5.97,0.2419,0.1819,Health Care,Biotechnology: Pharmaceutical Preparations,87.0,71.0,32.0,18.0,52.0,282.0
97.81,98.75,96.06,98.55,363072.0,2026-05-22,MRCY,94.3665,88.7952,82.817,2.03868431940422,1.4904718693284935,1.110297431275349,1.263623541479677,1722050496.0,6.0835,5.04,4.2684,0.9801,Technology,Electrical Products,16.0,17.0,18.0,8.0,14.75,106.0
1579.62,1596.745,1560.0,1589.81,476701.0,2026-05-22,MPWR,1563.388,1575.718,1386.4308,2.346652299698884,1.854676326135396,1.309919500358417,0.9741124713552198,593712504161.0,0.7856,4.19,63.9396,0.4132,Technology,Semiconductors,44.0,55.0,53.0,62.0,53.5,287.0
63.06,65.5951,62.9156,64.46,6847760.0,2026-05-22,MP,60.694,63.6745,59.211,3.288775510204081,1.1372618207480591,1.1030116358658453,1.061419397332455,14126928880.0,4.793,7.12,4.4009,0.8557,Basic Materials,Metal Mining,5.0,20.0,10.0,24.0,14.75,38.0
3.32,3.465,3.32,3.38,4608165.0,2026-05-22,MNKD,3.2,3.1435,2.8086,0.8304668304668303,0.6800804828973843,0.6101083032490975,1.2518518518518518,27648990.0,1.7814,6.99,0.22,0.8182,Health Care,Biotechnology: Pharmaceutical Preparations,197.0,216.0,226.0,19.0,164.5,468.0
77.59,81.1,77.5,79.055,1300330.0,2026-05-22,MNDY,74.816,73.6645,70.4324,0.2660038022173994,0.544343455208979,1.0493097955933104,1.1661749520578255,4086937190.0,1.551,6.59,4.7034,0.9013,Technology,Computer Software: Prepackaged Software,137.0,139.0,71.0,30.0,94.25,426.0
30.47,30.56,29.66,29.85,786960.0,2026-05-22,MLYS,28.193,28.348,27.3256,1.884469696969697,0.7129209457845713,0.996328437917223,1.0850599781897492,356492880.0,0.5483,6.1,1.667,0.994,Health Care,Biotechnology: Pharmaceutical Preparations,96.0,212.0,93.0,72.0,118.25,395.0
18.5,18.75,18.0,18.19,653756.0,2026-05-22,MLTX,17.753,17.439,17.4452,0.4765522661776264,1.3992307692307693,0.9994505494505496,1.0587892898719442,110484764.0,1.7845,6.16,1.0447,0.4183,Health Care,Biotechnology: Pharmaceutical Preparations,220.0,61.0,136.0,66.0,120.75,403.0
315.48,322.0,311.7525,320.62,835816.0,2026-05-22,MKSI,309.42,299.8665,270.541,3.7591745808418335,2.315113004549065,1.2752873791814168,1.141077656772724,41951276672.0,3.136,4.89,14.0856,0.7951,Industrials,Industrial Machinery/Components,12.0,9.0,29.0,28.0,19.5,288.0
15.5,16.23,15.5,16.03,1649669.0,2026-05-22,MITK,14.623,14.712,14.371,1.7404994571118348,1.842528735632184,1.2445652173913044,1.1217634709587123,207858294.0,0.6068,6.16,0.8706,1.6161,Technology,Computer peripheral equipment,1.0,1.0,6.0,6.0,3.5,16.0
10.79,11.57,10.62,11.24,618244.0,2026-05-22,MEI,10.915,9.8505,7.7632,1.441025641025641,1.7082066869300911,1.2860411899313502,1.33969010727056,37712884.0,10.2526,11.3,1.0704,0.3036,Technology,Electrical Products,19.0,14.0,12.0,4.0,12.25,86.0
23.41,25.52,23.27,25.45,763813.0,2026-05-22,MEC,24.701,24.2255,21.1922,1.6148477157360406,1.7149595687331536,1.1738929889298892,1.1589253187613842,226852461.0,1.9437,7.26,1.6709,0.4483,Industrials,Industrial Specialties,7.0,5.0,8.0,4.0,6.0,104.0
318.05,330.99,318.05,326.13,1264180.0,2026-05-22,MDB,318.192,294.8435,269.6612,1.7305916688776866,0.9910055000151936,1.0435826053566286,1.28605228912812,66541378480.0,7.6173,4.95,14.279,0.5559,Technology,Computer Software: Prepackaged Software,10.0,43.0,111.0,15.0,44.75,246.0
41.5,43.66,40.94,43.11,1024842.0,2026-05-22,MDA,39.722,35.895,32.7882,,,,1.3367441860465117,916208748.0,10.1221,6.27,2.1553,1.5719,Consumer Discretionary,Electronic Components,15.0,15.0,15.0,6.0,12.75,397.0
6.33,6.39,6.12,6.12,301798.0,2026-05-22,MBI,6.081,6.0135,5.944,1.3877551020408163,0.8259109311740891,1.0082372322899509,1.006578947368421,6035960.0,1.1162,5.19,0.302,0.1291,Finance,Property-Casualty Insurers,6.0,55.0,33.0,16.0,27.5,275.0
13.57,14.11,13.41,13.81,40169120.0,2026-05-22,MARA,12.988,12.556,10.8249,0.9293405114401078,1.3486328125,1.715527950310559,1.186426116838488,3816066400.0,3.3824,7.19,0.8598,0.956,Technology,EDP Services,35.0,25.0,9.0,17.0,21.5,140.0
14.71,14.94,14.3083,14.81,315229.0,2026-05-22,MAMA,14.622,14.22,14.7405,1.8283950617283955,1.4562438544739431,0.8521288837744535,1.024204702627939,33729503.0,2.7876,4.76,0.6586,0.2855,Consumer Staples,Specialty Foods,1.0,1.0,3.0,2.0,1.75,6.0
35.4,38.34,35.23,38.26,14812325.0,2026-05-22,LUNR,34.464,30.348,25.5808,3.1258169934640523,4.7527950310559,2.0243386243386245,1.498629063846455,9998319375.0,12.7014,11.65,3.3368,1.1376,Industrials,Industrial Machinery/Components,19.0,2.0,6.0,17.0,11.0,198.0
142.4,145.365,138.0033,143.22,1751918.0,2026-05-22,LSCC,130.409,126.3005,112.2338,3.0919689119170983,2.240262787423745,1.456079707198048,1.16628664495114,17571737540.0,3.2009,5.21,6.3372,2.0216,Technology,Semiconductors,34.0,37.0,37.0,42.0,37.5,213.0
305.725,309.98,303.18,305.35,7859187.0,2026-05-22,LRCX,292.181,282.2265,257.6076,3.635119047619048,2.187477613009528,1.2501535312180143,1.140301740234521,369303197130.0,3.466,4.35,11.8758,1.1089,Technology,Industrial Machinery/Components,13.0,14.0,28.0,27.0,20.5,132.0
61.74,62.29,60.79,60.98,974166.0,2026-05-22,LQDA,59.406,50.2835,42.5902,4.301940035273368,2.13515406162465,1.8165028299076555,1.634414366121683,1844096238.0,16.6333,6.76,3.1194,0.5046,Health Care,Biotechnology: Pharmaceutical Preparations,28.0,17.0,7.0,1.0,13.25,123.0
14.76,17.43,14.76,16.95,7850131.0,2026-05-22,LPTH,13.348,12.9268,12.6031,6.62109375,2.7427184466019416,1.4136780650542118,1.0534493474207582,1012666899.0,3.2061,11.43,1.3802,2.6098,Technology,Semiconductors,7.0,44.0,71.0,75.0,49.25,268.0
45.57,46.9,44.6854,46.46,892107.0,2026-05-22,LPG,42.861,40.6285,36.3968,2.403517847904812,1.960337552742616,1.3608670181605156,1.2687056253413436,934928136.0,5.348,4.18,1.6822,2.1395,Consumer Discretionary,Marine Transportation,4.0,1.0,2.0,1.0,2.0,37.0
13.56,14.98,13.56,14.95,11246020.0,2026-05-22,LION,12.827,12.6305,11.2796,2.2413793103448274,2.195301027900147,1.818734793187348,1.3079615048118984,1147094040.0,1.5437,4.11,0.51,4.1627,Consumer Discretionary,Movies/Entertainment,1.0,2.0,2.0,2.0,1.75,28.0
20.09,20.6,19.85,20.57,488944.0,2026-05-22,LIND,19.307,19.371,18.7364,1.9479166666666663,1.787141615986099,1.0009732360097323,1.1191512513601742,99744576.0,0.3309,6.03,1.1114,1.1364,Consumer Discretionary,Transportation Services,2.0,3.0,9.0,5.0,4.75,136.0
223.46,229.585,221.87,229.33,368252.0,2026-05-22,LGND,218.251,222.1005,216.4605,2.2889509931130854,1.1522383560267295,1.2133862433862437,0.9916115362995632,9379010188.0,1.7484,4.37,9.4097,1.1774,Health Care,Biotechnology: Pharmaceutical Preparations,75.0,112.0,53.0,112.0,88.0,351.0
446.34,461.35,444.03,460.48,298820.0,2026-05-22,LFUS,449.909,437.2165,391.9638,2.220250723240116,1.959989784625862,1.249267498643516,1.131011445694356,30607236140.0,2.8615,4.42,18.9186,0.5588,Energy,Electrical Products,13.0,11.0,14.0,10.0,12.0,58.0
27.5,30.1,27.1944,29.37,2049729.0,2026-05-22,LEGN,28.047,27.0075,22.5866,1.0381760339342525,1.06683617871413,1.5061538461538462,1.2288702928870294,838339161.0,3.7763,7.6,1.9577,0.6758,Health Care,Biotechnology: Pharmaceutical Preparations,181.0,151.0,26.0,41.0,99.75,369.0
77.36,79.45,75.49,78.545,889813.0,2026-05-22,LASR,76.4195,73.4238,69.3427,5.025271912987844,2.7410574070842784,1.3626821651630812,1.0363504420108194,2668549187.0,3.9984,8.6,6.0622,0.3506,Technology,Semiconductors,10.0,26.0,51.0,61.0,37.0,209.0
3.26,3.56,3.25,3.38,31404158.0,2026-05-22,LAES,3.013,2.977,2.8007,0.9135135135135134,0.931129476584022,0.8622448979591837,1.1457627118644067,188424948.0,1.202,9.38,0.2662,1.3787,Technology,Semiconductors,78.0,78.0,79.0,63.0,74.5,371.0
14.0,14.25,14.0,14.2,727175.0,2026-05-22,KYIV,13.866,13.1775,11.823,1.1735537190082643,1.2326388888888888,1.2147134302822926,1.2116040955631395,72717500.0,5.0918,4.3,0.5518,0.6053,Telecommunications,Telecommunications Equipment,30.0,25.0,22.0,5.0,20.5,35.0
11.12,11.52,11.01,11.25,2488755.0,2026-05-22,KURA,10.013,9.583,9.0686,2.027027027027027,1.024590163934426,1.342482100238663,1.214902807775378,156791565.0,4.3887,6.03,0.5635,2.1952,Health Care,Biotechnology: Pharmaceutical Preparations,97.0,141.0,46.0,34.0,79.5,335.0
4.925,5.29,4.89,5.14,7794180.0,2026-05-22,KOPN,4.981,4.7915,3.46,3.835820895522388,2.32579185520362,2.3796296296296293,1.389189189189189,101324340.0,3.8782,14.35,0.6221,0.2556,Technology,Semiconductors,26.0,46.0,19.0,13.0,26.0,158.0
70.67,71.19,69.28,70.12,2734193.0,2026-05-22,KNX,67.602,65.5625,61.8236,1.6016445865692095,1.6823416506717852,1.1642038851070895,1.0754601226993863,6742519938.0,3.0631,4.16,2.6294,0.9576,Industrials,Trucking Freight/Courier Services,6.0,7.0,7.0,6.0,6.5,120.0
102.09,105.85,101.23,104.4,551413.0,2026-05-22,KLIC,101.319,96.4905,82.3837,3.220234423195558,2.674865488086088,1.4662921348314606,1.1902861703340557,2954470854.0,4.882,5.2,4.8806,0.6313,Technology,Semiconductors,29.0,18.0,38.0,41.0,31.5,183.0
16.03,16.71,15.91,16.57,6723803.0,2026-05-22,KLAR,15.466,14.876,14.1592,,0.5894699395233013,1.18188302425107,1.177683013503909,894265799.0,3.889,5.66,0.8199,1.3465,Finance,Finance: Consumer Services,81.0,79.0,26.0,21.0,51.75,446.0
4.655,5.03,4.57,4.81,40109691.0,2026-05-22,KEEL,4.393,3.943,3.0288,4.900162999185004,1.85,2.186363636363636,1.4620060790273557,441206601.0,10.7965,10.82,0.403,1.0347,Finance,Finance: Consumer Services,6.0,7.0,3.0,5.0,5.25,50.0
10.47,11.25,10.42,10.92,36013418.0,2026-05-22,JOBY,10.469,10.022,9.3186,1.232505643340858,0.8374233128834356,1.123456790123457,1.2847058823529411,2124791662.0,4.3629,7.46,0.7102,0.635,Industrials,Aerospace,2.0,17.0,2.0,1.0,5.5,92.0
57.935,58.815,55.555,56.83,36358440.0,2026-05-22,IREN,54.693,53.19,46.4266,6.414221218961625,1.307338394294916,1.2503850385038502,1.1222353870458135,59409690960.0,2.7864,9.44,4.8195,0.4434,Technology,EDP Services,1.0,23.0,19.0,14.0,14.25,99.0
46.2,48.94,46.2,48.84,2247350.0,2026-05-22,IRDM,44.229,41.9525,36.5838,1.9018691588785048,3.083333333333333,2.0426599749058973,1.253593429158111,2541752850.0,5.283,5.63,2.2889,2.0145,Telecommunications,Telecommunications Equipment,17.0,5.0,2.0,11.0,8.75,19.0
36.94,38.47,36.66,37.62,260941.0,2026-05-22,IPX,37.1775,36.3358,31.629,1.647831800262812,1.3163051084674595,0.8308303886925794,1.2782874617737003,183963405.0,2.2899,6.45,2.2547,0.1963,Basic Materials,Other Metals and Minerals,5.0,6.0,4.0,1.0,4.0,13.0
121.75,122.56,117.7901,119.0,498550.0,2026-05-22,IPGP,111.77,110.486,116.1234,1.7819706498951782,1.6422853988407398,0.903568716780562,0.9554395824969892,3598533900.0,1.1554,5.61,5.8503,1.2358,Technology,Semiconductors,53.0,61.0,76.0,74.0,66.0,339.0
3.7,4.2,3.69,4.11,23101121.0,2026-05-22,IOVA,3.609,3.6165,3.6248,2.3485714285714288,1.885321100917431,1.0873015873015874,1.1947674418604652,184808968.0,0.2076,7.31,0.2555,1.9609,Health Care,Biotechnology: Biological Products (No Diagnostic Substances),29.0,19.0,13.0,26.0,21.75,169.0
58.0,65.8,58.0,63.64,52650118.0,2026-05-22,IONQ,55.219,51.4415,41.4758,1.338099243061396,1.5521951219512196,2.012650221378874,1.4907472475989694,100456425144.0,7.0832,9.91,4.8402,1.7398,Technology,EDP Services,20.0,24.0,8.0,13.0,16.25,114.0
30.74,31.6,29.96,30.05,425092.0,2026-05-22,INVX,29.444,28.3885,26.6718,2.144896502498216,1.373400365630713,1.0397923875432526,1.0770609318996416,201068516.0,3.6502,4.09,1.1334,0.5347,Consumer Discretionary,Oil and Gas Field Machinery,5.0,8.0,2.0,3.0,4.5,126.0
120.34,122.78,118.09,119.84,82663024.0,2026-05-22,INTC,116.037,110.733,77.8996,5.883161512027491,3.5645449137418206,2.598438855160451,1.451902108068815,599306924000.0,4.6779,7.49,7.92,0.4802,Technology,Semiconductors,8.0,10.0,7.0,7.0,8.0,55.0
99.01,101.5,93.84,95.48,1700829.0,2026-05-22,INOD,93.845,73.938,54.7002,2.427046263345196,1.8266692175243928,2.160180995475113,2.2550779404818138,8099347698.0,23.7295,11.48,8.617,0.1897,Technology,EDP Services,3.0,6.0,3.0,2.0,3.5,16.0
4.2,5.14,4.2,4.81,14025469.0,2026-05-22,INDI,4.241,4.3165,3.5606,1.687719298245614,1.4531722054380662,1.3626062322946175,1.3142076502732238,154280159.0,1.7645,8.71,0.3557,1.5997,Technology,Semiconductors,62.0,73.0,67.0,43.0,61.25,317.0
34.17,34.95,33.59,34.15,1685458.0,2026-05-22,IMVT,30.514,29.1462,27.1221,2.4219858156028367,1.4984642387011846,1.2468054034319094,1.194891532540238,989363846.0,4.5853,6.46,1.8419,1.974,Health Care,Biotechnology: Biological Products (No Diagnostic Substances),22.0,22.0,11.0,3.0,14.5,132.0
11.09,11.86,11.09,11.62,461705.0,2026-05-22,IMTX,11.05,11.136,10.657,2.2607003891050583,1.1504950495049504,1.1358748778103616,1.0237885462555063,30472530.0,0.7753,5.42,0.5863,0.9722,Health Care,Biotechnology: Biological Products (No Diagnostic Substances),27.0,42.0,30.0,29.0,32.0,215.0
5.99,6.89,5.29,5.39,10177181.0,2026-05-22,IMRX,5.147,5.2058,5.3103,2.994444444444444,0.7711015736766809,1.0568627450980392,0.8923841059602649,183189258.0,1.1359,6.9,0.3532,0.688,Health Care,Biotechnology: Pharmaceutical Preparations,35.0,202.0,117.0,163.0,129.25,413.0
38.52,39.72,37.5,39.12,3894425.0,2026-05-22,IMAX,34.381,35.2,36.5846,1.4056773266259432,1.1050847457627118,1.0621775726310072,1.0732510288065842,2901346625.0,2.3541,4.13,1.429,3.3163,Consumer Discretionary,Industrial Machinery/Components,64.0,92.0,83.0,80.0,79.75,605.0
8.74,8.88,8.535,8.585,438549.0,2026-05-22,ILPT,8.1955,7.9433,6.8197,2.609422492401216,1.7000000000000002,1.4776247848537007,1.1585695006747638,16664862.0,3.1254,5.13,0.3944,0.9876,Real Estate,Real Estate Investment Trusts,2.0,5.0,1.0,2.0,2.5,5.0
144.69,146.49,143.17,144.41,906015.0,2026-05-22,ILMN,143.566,139.4795,131.6084,1.710410991353784,1.210883783330538,1.175020341741253,1.1292618079449483,9500473290.0,2.8875,4.27,5.7636,0.1464,Health Care,Medical Specialities,4.0,14.0,11.0,16.0,11.25,110.0
15.11,15.385,14.825,15.1,814609.0,2026-05-22,IART,14.649,13.406,11.2804,1.188976377952756,1.3665158371040722,1.3096270598438855,1.4285714285714286,92865426.0,8.8612,6.39,0.8171,0.552,Health Care,Medical/Dental Instruments,15.0,8.0,5.0,1.0,7.25,75.0
34.1,36.25,34.1,34.92,431494.0,2026-05-22,HZO,33.432,32.012,29.3296,1.6234309623430965,1.629491367242184,1.2248333917923535,1.1749663526244951,266663292.0,4.3396,5.23,1.6163,0.9206,Consumer Discretionary,Auto & Home Supply Stores,1.0,1.0,1.0,1.0,1.0,1.0
4.29,6.24,4.27,5.99,20171479.0,2026-05-22,HYLN,4.14,3.1725,2.3776,3.502923976608187,3.791139240506329,3.0100502512562817,3.119791666666667,262229227.0,26.4615,13.23,0.4254,4.3488,Consumer Discretionary,Construction/Ag Equipment/Trucks,1.0,1.0,1.0,1.0,1.0,1.0
104.2,108.5299,101.45,105.9,3307149.0,2026-05-22,HUT,102.991,94.757,74.1844,6.814671814671815,3.136848341232228,1.789153573238723,1.3776505788994406,18205855245.0,8.3278,8.13,7.469,0.3895,Finance,Finance: Consumer Services,2.0,1.0,5.0,10.0,4.5,37.0
14.52,14.74,14.235,14.51,4114414.0,2026-05-22,HUN,14.124,14.3,13.4498,1.308385933273219,1.7781862745098038,1.116153846153846,1.065345080763583,432013470.0,1.2384,5.34,0.7394,0.522,Industrials,Major Chemicals,28.0,4.0,22.0,19.0,18.25,272.0
305.04,309.21,302.0,307.95,678100.0,2026-05-22,HUM,304.263,275.285,223.4702,1.3519030686158304,1.3791481929329572,1.7633417315620703,1.430794963527389,31661167100.0,10.0002,4.82,12.5269,0.2943,Health Care,Medical Specialities,9.0,10.0,3.0,3.0,6.25,67.0
40.55,41.7,40.11,41.46,758067.0,2026-05-22,HUBG,38.931,40.845,39.3203,1.229902106199941,1.1748370643241712,1.0092502434274586,0.9664335664335664,633744012.0,4.7984,4.46,1.7405,1.453,Industrials,Integrated Freight & Logistics,5.0,3.0,3.0,5.0,4.0,59.0
29.37,30.1,29.15,29.49,838954.0,2026-05-22,HTFL,28.869,29.264,28.1432,,1.0657752078062883,1.295125164690382,0.9687910643889618,368300806.0,1.359,6.79,1.8845,0.3295,Health Care,Medical/Dental Instruments,49.0,20.0,10.0,42.0,30.25,208.0
37.81,39.15,37.81,38.89,1895261.0,2026-05-22,HRB,37.766,35.1655,32.8634,0.6919928825622775,0.8975305792753289,1.2989311957247829,1.2851949768671511,1402493140.0,7.1313,5.06,1.7094,0.6575,Consumer Discretionary,Other Consumer Services,21.0,24.0,3.0,2.0,12.5,390.0
12.17,14.1999,11.7,13.9,674270.0,2026-05-22,HQ,11.949,11.1552,0.0,,,,1.2225153913808269,55964410.0,6.8715,11.43,1.1961,1.6311,Technology,EDP Services,93.0,98.0,99.0,45.0,83.75,399.0
22.6,25.565,22.58,25.24,48674187.0,2026-05-22,HPQ,21.592,21.309,20.0376,0.9279411764705882,1.1163202122954443,1.3868131868131868,1.2753916119252149,14066840043.0,1.3193,4.7,0.9835,3.7092,Technology,Computer Manufacturing,7.0,7.0,4.0,6.0,6.0,43.0
7.3,7.87,7.3,7.85,765734.0,2026-05-22,HPK,7.32,6.88,6.6365,0.7787698412698413,1.3215488215488214,1.545275590551181,1.2600321027287318,22206286.0,6.1972,7.89,0.5086,1.0421,Energy,Oil & Gas Production,79.0,44.0,11.0,4.0,34.5,95.0
39.6,40.0,38.96,39.88,983259.0,2026-05-22,HP,39.876,39.7615,37.3698,2.6236842105263163,1.5279693486590038,1.1479562464018422,1.0396246089676748,765958761.0,0.2876,4.11,1.5802,0.0025,Energy,Oil & Gas Production,11.0,30.0,42.0,18.0,25.25,81.0
3.25,3.41,3.25,3.41,1788232.0,2026-05-22,HNST,3.248,3.357,3.156,0.6987704918032788,1.347826086956522,1.508849557522124,0.9551820728291316,10729392.0,3.3005,6.06,0.1979,0.8186,Consumer Discretionary,Catalog/Specialty Distribution,15.0,2.0,2.0,10.0,7.25,232.0
54.84,55.56,53.725,55.25,1306184.0,2026-05-22,HNGE,54.756,52.278,45.4766,1.3475609756097562,1.2180335097001764,1.3774619795562204,1.2474599232332355,1948826528.0,4.6303,5.09,2.542,0.1943,Technology,EDP Services,14.0,13.0,20.0,10.0,14.25,99.0
22.94,24.5,22.34,24.26,313078.0,2026-05-22,HMH,22.365,21.8715,0.0,,,,1.2051664182811723,85783372.0,2.2312,5.11,1.0858,1.7453,Consumer Discretionary,Oil and Gas Field Machinery,13.0,13.0,13.0,4.0,10.75,337.0
14.3,15.255,13.755,15.2,12973798.0,2026-05-22,HLIT,12.987,12.369,10.776,1.6575790621592148,1.7175141242937852,1.4559386973180075,1.4393939393939392,1362248790.0,4.8746,6.12,0.7408,2.9873,Technology,Radio And Television Broadcasting And Communications Equipment,13.0,11.0,10.0,5.0,9.75,67.0
3.87,4.23,3.75,4.07,47046977.0,2026-05-22,HIVE,3.369,3.0065,2.5057,2.153439153439153,1.3938356164383563,1.8333333333333333,1.6150793650793651,376375816.0,11.3717,9.76,0.2881,2.4332,Finance,Finance: Consumer Services,14.0,27.0,7.0,4.0,13.0,146.0
20.0,21.44,19.6601,21.04,4287559.0,2026-05-22,HIMX,19.6365,16.6678,12.37,2.5047619047619047,3.036075036075036,2.7324675324675325,1.740281224152192,904674949.0,16.3545,9.39,1.5238,0.9211,Technology,Semiconductors,43.0,21.0,9.0,10.0,20.75,134.0
48.97,49.25,48.095,48.41,560920.0,2026-05-22,HGV,46.784,46.6685,44.7046,1.2749539109823544,1.3087320897539874,1.0129734254028038,1.0494255365272056,664129280.0,0.2472,4.44,2.0192,0.8053,Consumer Discretionary,Hotels/Resorts,13.0,7.0,17.0,10.0,11.75,371.0
24.83,25.8,24.64,25.65,389791.0,2026-05-22,HELE,23.99,24.1,19.816,1.0142348754448398,1.4947552447552446,1.5097115950559152,1.085944115156647,123953538.0,0.4575,6.18,1.4349,1.1569,Consumer Discretionary,Home Furnishings,8.0,2.0,2.0,1.0,3.25,84.0
33.76,34.34,33.16,33.29,2904957.0,2026-05-22,GTX,31.444,28.498,22.6732,3.065377532228361,2.128516624040921,1.6423285643808585,1.584483579247977,1652920533.0,9.8295,5.35,1.445,1.2775,Consumer Discretionary,Auto Parts:O.E.M.,1.0,3.0,2.0,1.0,1.75,28.0
25.82,26.865,25.82,26.73,3052959.0,2026-05-22,GTLB,24.661,24.4205,22.7014,0.577945945945946,0.6287932251235004,1.072202166064982,1.2426778242677825,1059376773.0,0.98,5.46,1.2846,1.6106,Technology,Computer Software: Prepackaged Software,111.0,125.0,95.0,22.0,88.25,412.0
14.115,15.075,14.09,14.58,852047.0,2026-05-22,GRRR,13.709,14.213,12.5851,0.8447276940903823,1.092953523238381,1.2711421098517872,1.1138273491214667,90316982.0,3.6101,6.38,0.8749,0.9955,Technology,Computer Software: Prepackaged Software,66.0,37.0,28.0,74.0,51.25,278.0
18.09,19.66,17.9175,18.93,1695798.0,2026-05-22,GRPN,17.745,16.5815,14.0964,0.6547907298512625,1.2134615384615384,1.5440456769983686,1.2903885480572597,298460448.0,6.779,8.96,1.4235,0.8325,Consumer Discretionary,Advertising,4.0,4.0,2.0,1.0,2.75,66.0
38.3,38.93,37.8401,38.48,284401.0,2026-05-22,GRDN,36.841,36.8255,36.9468,1.793939393939394,1.3921852387843705,1.1865556583410422,1.0242214532871972,209603537.0,0.0421,4.6,1.6312,1.0048,Consumer Staples,Retail-Drug Stores and Proprietary Stores,1.0,1.0,2.0,2.0,1.5,3.0
68.32,69.62,66.89,67.19,410940.0,2026-05-22,GRAL,63.454,60.18,54.1526,1.6351910440496469,0.7844716870986572,1.3344587884806354,1.234656376332231,956668320.0,5.2963,6.68,3.8318,0.975,Health Care,Medical Specialities,6.0,24.0,16.0,7.0,13.25,123.0
260.015,272.0,252.56,270.14,1204981.0,2026-05-22,GNRC,258.494,258.464,226.1846,2.168928141308711,1.926544002282128,1.148700939745716,1.2227402344634046,41388687388.0,0.0116,4.12,10.3027,1.1304,Consumer Discretionary,Metal Fabrications,7.0,4.0,13.0,2.0,6.5,211.0
194.35,194.98,189.34,194.05,9630943.0,2026-05-22,GLW,191.774,181.2775,163.6432,3.924165824064712,2.486864026656414,1.2800976317699058,1.1032463471487863,177777576837.0,5.6274,6.84,11.969,0.1902,Industrials,Telecommunications Equipment,5.0,7.0,10.0,8.0,7.5,143.0
21.81,23.84,21.81,22.12,351017.0,2026-05-22,GHRS,21.884,21.4095,18.1615,1.7597454256165477,1.5811293781272338,1.4466971877043822,1.0923456790123458,91264420.0,2.192,6.72,1.3875,0.1701,Health Care,Biotechnology: Pharmaceutical Preparations,86.0,37.0,34.0,36.0,48.25,271.0
119.06,120.15,116.81,118.95,2819648.0,2026-05-22,GH,105.578,97.7285,91.8158,3.114689709347997,1.1859421734795614,1.2468553459119496,1.337869755932966,19785470016.0,7.7218,6.37,5.9561,2.2451,Health Care,Medical Specialities,3.0,11.0,13.0,6.0,8.25,85.0
85.675,89.9,85.06,85.64,11819764.0,2026-05-22,GFS,74.566,71.5765,57.8307,2.33097441480675,2.6563275434243176,1.7984040319193615,1.385984787182392,45186957772.0,4.0912,5.69,3.9655,2.7926,Technology,Semiconductors,51.0,31.0,29.0,36.0,36.75,207.0
23.08,23.82,23.08,23.52,1293358.0,2026-05-22,GEO,22.899,21.3775,19.0866,0.8733754177497215,1.5817081371889712,1.7031136857349745,1.2490706319702602,355673450.0,6.8727,4.2,0.8718,0.7123,Consumer Discretionary,Homebuilding,20.0,2.0,1.0,1.0,6.0,194.0
4.93,5.45,4.9,5.35,9201989.0,2026-05-22,GENI,4.74,4.575,4.5438,0.5323383084577114,0.6149425287356322,0.9160958904109588,1.196868008948546,119625857.0,3.5427,7.77,0.3406,1.791,Consumer Discretionary,Services-Misc. Amusement & Recreation,27.0,30.0,31.0,12.0,25.0,558.0
7.08,7.255,7.065,7.13,1727372.0,2026-05-22,GDYN,6.765,6.4897,6.0523,0.564528899445764,0.8791615289765722,1.1054263565891471,1.2465034965034965,44911672.0,4.154,7.55,0.4603,0.793,Technology,Computer Software: Prepackaged Software,112.0,56.0,70.0,18.0,64.0,332.0
20.9,22.24,19.83,19.92,427448.0,2026-05-22,FTK,19.006,17.8985,17.027,1.338709677419355,1.373793103448276,1.2021726010863003,1.1892537313432836,94466008.0,6.002,6.51,1.1262,0.8116,Industrials,Major Chemicals,21.0,24.0,16.0,4.0,16.25,263.0
247.5,258.0,246.36,252.13,1192444.0,2026-05-22,FTAI,246.92,249.053,246.6697,2.132357916102842,1.6007237635705671,0.8295660184910999,1.082800085892205,37895870320.0,0.8601,6.81,16.4283,0.3171,Industrials,Misc Corporate Leasing Services,1.0,1.0,3.0,3.0,2.0,19.0
248.45,259.12,242.5,257.85,2477139.0,2026-05-22,FSLR,237.647,224.655,206.705,1.6481303930968365,1.048852912463391,1.0601948933020846,1.330770024772915,77826753102.0,5.6206,5.59,12.1782,1.6589,Technology,Semiconductors,66.0,75.0,73.0,33.0,61.75,321.0
72.4,74.17,71.68,73.99,2236813.0,2026-05-22,FROG,69.181,61.8645,51.8433,1.7319756554307115,1.2487763713080169,1.9895133100295777,1.6351381215469611,5945448954.0,11.1664,5.72,3.4044,1.4126,Technology,Computer Software: Prepackaged Software,11.0,20.0,9.0,5.0,11.25,81.0
49.5,50.5,47.25,47.9,3470623.0,2026-05-22,FPS,45.923,42.8705,36.7802,,,1.40345736888368,1.3631189527603869,4140453239.0,6.8755,8.37,3.4447,0.5739,Energy,Industrial Machinery/Components,123.0,124.0,19.0,6.0,68.0,132.0
711.91,716.99,695.57,703.86,485013.0,2026-05-22,FN,694.968,678.751,634.1058,3.03662798222529,1.8177263571096527,1.201392800450612,0.9773254280120524,120941871654.0,2.361,7.15,46.2748,0.1922,Utilities,Telecommunications Equipment,7.0,11.0,15.0,31.0,16.0,67.0
16.16,16.445,16.085,16.12,1196777.0,2026-05-22,FLYW,16.11,15.6775,13.7288,1.5236294896030247,1.2305343511450382,1.4341637010676158,1.1896678966789669,157974564.0,2.7212,4.56,0.6989,0.0143,Real Estate,Real Estate,9.0,18.0,7.0,8.0,10.5,18.0
42.93,50.02,42.93,49.5,8821802.0,2026-05-22,FLY,42.724,38.6532,35.0118,,2.9255319148936167,2.391304347826087,1.409052092228864,9474615348.0,10.0048,11.06,3.9825,1.7014,Industrials,Military/Government/Technical,28.0,5.0,2.0,12.0,11.75,210.0
20.2,22.49,19.9,21.49,10968862.0,2026-05-22,FLNC,20.335,17.942,15.7513,4.495815899581589,1.3855577047066407,1.3032140691328078,1.6061285500747382,2457025088.0,12.5036,11.86,2.1121,0.5468,Miscellaneous,Industrial Machinery/Components,9.0,70.0,32.0,4.0,28.75,14.0
21.99,23.23,21.91,22.76,2377719.0,2026-05-22,FIVN,21.682,21.264,17.6991,0.8395426042050904,1.280089988751406,1.2765002804262482,1.375226586102719,603940626.0,1.9466,7.88,1.6178,0.6663,Technology,EDP Services,38.0,20.0,25.0,8.0,22.75,143.0
21.87,23.09,21.78,22.71,16884704.0,2026-05-22,FIG,21.753,20.3975,20.6688,,0.676496872207328,0.8279256288734962,1.2999427590154553,4238060704.0,6.4317,6.93,1.3875,0.6897,Technology,Computer Software: Prepackaged Software,142.0,127.0,128.0,23.0,105.0,441.0
1232.0,1277.23,1225.0,1239.91,303439.0,2026-05-22,FICO,1162.047,1113.735,1080.288,0.7654048915391929,0.720647467379617,1.010003013937424,1.2340851182418984,237381240017.0,4.2457,4.99,53.9723,1.4426,Real Estate,Real Estate,75.0,79.0,73.0,5.0,58.0,109.0
60.23,68.64,60.23,68.01,274030.0,2026-05-22,FEIM,60.204,57.664,53.0933,3.604133545310016,2.5128394605579163,1.3175125920185975,1.319557625145518,566420010.0,4.3099,7.86,4.3174,1.808,Industrials,Electrical Products,7.0,7.0,13.0,11.0,9.5,180.0
25.48,27.33,24.97,25.01,12077060.0,2026-05-22,FCEL,21.306,17.2125,11.4216,4.458110516934046,3.982484076433121,2.8006718924972005,2.2370304114490165,4118277460.0,21.2547,18.97,2.9771,1.2442,Energy,Industrial Machinery/Components,7.0,3.0,1.0,1.0,3.0,9.0
18.54,21.87,16.43,16.56,272708.0,2026-05-22,FBYD,13.5735,13.8375,12.2186,2.6369426751592355,1.3029110936270651,3.3253012048192767,1.077423552374756,49087440.0,1.9262,18.05,2.3257,1.2841,Consumer Discretionary,Services-Misc. Amusement & Recreation,3.0,10.0,1.0,8.0,5.5,172.0
15.12,15.52,15.12,15.42,621480.0,2026-05-22,FA,15.185,14.477,12.7363,0.904398826979472,1.2094117647058824,1.7001102535832413,1.2375601926163724,72713160.0,4.7738,5.17,0.7298,0.322,Technology,EDP Services,34.0,18.0,11.0,19.0,20.5,132.0
13.79,14.95,13.77,14.93,109712162.0,2026-05-22,F,13.502,12.7765,12.332,1.4680432645034416,1.2030620467365027,1.0514084507042254,1.2059773828756055,11300352686.0,5.5216,4.7,0.5928,2.4089,Industrials,Auto Manufacturing,3.0,7.0,9.0,3.0,5.5,92.0
24.37,25.84,24.37,25.6,2699159.0,2026-05-22,EXTR,23.946,23.235,19.0734,1.5880893300248138,1.5130023640661938,1.863173216885008,1.455372370665151,850235085.0,3.0139,5.22,1.1202,1.4765,Telecommunications,Computer Communications Equipment,5.0,5.0,1.0,1.0,3.0,3.0
18.8,19.15,18.6,18.88,424833.0,2026-05-22,EVER,18.439,18.2535,16.7454,0.8116938950988821,0.8075278015397775,1.2180645161290322,1.1889168765743072,75620274.0,1.0111,7.74,1.3688,0.3222,Technology,Computer Software: Programming Data Processing,26.0,36.0,11.0,12.0,21.25,138.0
9.38,10.12,9.28,9.84,3296125.0,2026-05-22,EVC,8.683,7.024,4.7586,4.92,3.8287937743190654,3.28,2.624,154917875.0,21.1243,11.66,0.8226,1.4065,Industrials,Broadcasting,1.0,1.0,1.0,1.0,1.0,1.0
60.5,63.2,60.02,62.38,2513106.0,2026-05-22,ETSY,59.258,61.656,57.8802,1.2124392614188533,1.2096179949583092,1.1466911764705885,0.993470297818124,4767362082.0,3.9665,4.21,2.5541,1.2223,Real Estate,Real Estate,18.0,27.0,13.0,67.0,31.25,55.0
39.6,41.505,39.6,40.85,1063125.0,2026-05-22,ETOR,40.126,38.865,35.0828,0.6336280440514969,1.116120218579235,1.3288874430709174,1.1155106499180776,873888750.0,3.1928,4.32,1.6298,0.4442,Finance,Investment Bankers/Brokers/Service,48.0,27.0,6.0,13.0,23.5,250.0
35.0,35.0,32.52,32.59,524025.0,2026-05-22,ETON,32.317,30.2565,26.4297,1.6230079681274905,1.9993865030674849,1.7828227571115975,1.4157254561251087,298170225.0,6.5859,6.54,1.8952,0.144,Health Care,Biotechnology: Pharmaceutical Preparations,105.0,20.0,4.0,5.0,33.5,224.0
71.39,74.0,70.768,72.19,273939.0,2026-05-22,ESTA,68.969,69.3225,65.1162,2.011423794928949,1.0929598788796366,0.9061127149491652,1.0891671695835847,717172302.0,0.5112,6.27,4.1408,0.7779,Health Care,Industrial Specialties,4.0,14.0,13.0,6.0,9.25,97.0
8.515,8.6358,7.985,8.06,24593893.0,2026-05-22,EOSE,7.8235,7.3312,6.4188,1.3444537114261883,0.6257763975155279,0.7020905923344948,1.0508474576271187,836192362.0,6.497,10.78,0.761,0.3108,Miscellaneous,Industrial Machinery/Components,67.0,121.0,120.0,42.0,87.5,24.0
62.39,64.94,60.26,64.03,10996350.0,2026-05-22,ENPH,51.869,43.246,39.3435,1.6434804928131417,2.451378254211332,1.2872939284278246,1.7900475258596589,21519856950.0,18.1317,10.93,4.5772,2.6569,Technology,Semiconductors,67.0,42.0,55.0,9.0,43.25,240.0
10.42,11.07,10.35,10.88,331613.0,2026-05-22,ELVA,10.257,10.0525,9.0964,3.4,2.524361948955917,1.36,1.1170431211498977,18901941.0,2.0138,7.61,0.734,0.8488,,,,,,,,
88.96,90.57,86.0,88.32,8107758.0,2026-05-22,EL,80.862,81.1255,77.9332,1.33272974196469,1.0197436785590577,0.7660681759042414,1.1349267540478027,31579717410.0,0.3253,4.14,3.2923,2.2653,Consumer Discretionary,Package Goods/Cosmetics,2.0,10.0,12.0,3.0,6.75,218.0
71.9,73.05,71.31,72.1,6727437.0,2026-05-22,DXCM,65.854,62.8525,63.611,0.8289261899287191,1.234166381376241,0.9864550554111368,1.1710248497644955,17524973385.0,4.6641,4.13,2.5272,2.4715,Health Care,Medical/Dental Instruments,31.0,13.0,22.0,7.0,18.25,149.0
39.53,41.35,39.31,41.21,4502298.0,2026-05-22,DT,38.861,38.585,37.3038,0.7685565087653861,0.9486648250460404,1.2032116788321168,1.1677529045055255,3660368274.0,0.7128,4.12,1.527,1.5383,Technology,Computer Software: Prepackaged Software,74.0,57.0,48.0,37.0,54.0,291.0
160.0,165.7,157.1494,158.46,2271449.0,2026-05-22,DOCN,156.089,142.553,108.3724,5.605235231694376,3.669754515979621,2.5256614599936245,1.664320974687533,29574265980.0,9.065,7.84,10.6805,0.222,Technology,Computer Software: Programming Data Processing,1.0,2.0,2.0,2.0,1.75,6.0
30.62,31.48,30.15,30.37,253739.0,2026-05-22,DIN,29.945,28.8405,27.9654,1.242635024549918,1.1662826420890935,0.9911879895561356,1.072765807135288,120526025.0,3.7577,5.85,1.6292,0.2609,Consumer Discretionary,Restaurants,2.0,12.0,21.0,8.0,10.75,337.0
7.7,8.2997,7.4101,7.94,14858504.0,2026-05-22,DGXX,7.747,6.3225,4.0874,5.795620437956204,2.4890282131661445,3.065637065637066,2.342182890855457,460613624.0,20.2495,15.42,0.9252,0.2086,Finance,Finance: Consumer Services,5.0,3.0,1.0,1.0,2.5,14.0
64.92,66.87,64.88,66.16,366185.0,2026-05-22,DGII,63.356,61.068,55.6638,2.010942249240121,1.7314839047369797,1.364123711340206,1.167666784327568,794255265.0,3.6777,4.72,2.8429,0.9863,Telecommunications,Computer Communications Equipment,1.0,3.0,5.0,4.0,3.25,5.0
22.85,23.1,22.34,22.5,1277769.0,2026-05-22,DFTX,21.468,21.712,20.9496,3.1468531468531467,2.068014705882353,1.2893982808022924,1.0008896797153024,329664402.0,1.1302,5.35,1.1195,0.9218,Health Care, Medicinal Chemicals and Botanical Products ,1.0,2.0,1.0,8.0,3.0,23.0
268.1,298.32,265.21,295.19,15291495.0,2026-05-22,DELL,248.97,236.247,203.1216,2.5946207260261933,2.514395229982964,2.464434797128068,1.366051182377713,604916250705.0,5.2443,5.78,13.3884,3.4522,Technology,Computer Manufacturing,2.0,2.0,1.0,4.0,2.25,9.0
220.948,224.7693,218.72,222.32,4871732.0,2026-05-22,DDOG,211.068,183.8135,146.832,1.9116079105760964,1.3932443441749702,2.1288901656612085,1.717021933889404,119752044292.0,13.8039,5.09,8.9529,1.2568,Technology,Computer Software: Prepackaged Software,8.0,25.0,6.0,4.0,10.75,76.0
3.0,3.2184,2.98,3.15,4542925.0,2026-05-22,DDD,3.001,2.702,2.3222,2.006369426751592,1.6844919786096255,1.5517241379310347,1.393805309734513,22714625.0,10.4857,8.16,0.2101,0.7092,Technology,Computer Software: Prepackaged Software,9.0,13.0,19.0,14.0,13.75,94.0
6.25,6.465,6.24,6.39,3716359.0,2026-05-22,DCH,6.261,6.0505,5.9014,1.4359550561797751,1.0960548885077186,0.9154727793696276,1.0757575757575757,74327180.0,3.4196,6.26,0.3685,0.3501,Consumer Discretionary,Auto Parts:O.E.M.,9.0,19.0,17.0,9.0,13.5,411.0
6.96,7.17,6.927,7.1,351401.0,2026-05-22,DBI,6.543,6.8665,6.5936,1.983240223463687,2.113095238095238,0.962059620596206,0.8754623921085081,8785025.0,4.8249,6.19,0.4058,1.3726,Consumer Discretionary,Clothing/Shoe/Accessory Stores,2.0,1.0,6.0,14.0,5.75,182.0
10.76,13.1,9.9,12.96,242357.0,2026-05-22,DAO,12.133,11.855,10.8288,1.4432071269487752,1.4464285714285714,1.2631578947368425,1.183561643835617,15753205.0,2.3178,10.8,1.1803,0.7007,Real Estate,Other Consumer Services,6.0,6.0,4.0,4.0,5.0,10.0
14.25,14.28,13.79,14.0,451752.0,2026-05-22,CYRX,13.551,12.532,10.5168,2.372881355932204,1.6726403823178018,1.692865779927449,1.3220018885741265,44271696.0,7.8135,5.53,0.6622,0.678,Health Care,Biotechnology: Pharmaceutical Preparations,66.0,35.0,17.0,9.0,31.75,213.0
55.66,59.4,55.57,57.35,395917.0,2026-05-22,CYD,52.375,47.294,43.5422,3.2752712735579665,1.7119402985074628,1.1950406334653052,1.357717803030303,653263050.0,10.1957,5.52,2.5375,1.9606,Industrials,Industrial Machinery/Components,16.0,34.0,58.0,11.0,29.75,328.0
21.04,21.63,21.02,21.5,661179.0,2026-05-22,CXW,20.935,20.7135,20.2744,0.9821836455002284,1.286654697785757,1.305403764420158,1.0482691370063384,150087633.0,1.0637,4.14,0.836,0.6758,Real Estate,Real Estate Investment Trusts,104.0,16.0,11.0,55.0,46.5,83.0
9.62,9.88,9.55,9.61,367820.0,2026-05-22,CXDO,9.5805,8.9037,7.3971,1.76007326007326,1.6483704974271012,1.6919014084507042,1.409090909090909,17287540.0,7.323,7.02,0.5913,0.0499,Telecommunications,Telecommunications Equipment,19.0,16.0,6.0,1.0,10.5,22.0
14.35,14.945,13.815,13.86,220306.0,2026-05-22,CTNM,13.735,13.712,13.2529,4.076470588235294,1.134206219312602,0.8700564971751412,1.1168412570507655,22691518.0,0.1676,7.13,0.9348,0.1337,Health Care,Biotechnology: Pharmaceutical Preparations,31.0,83.0,169.0,52.0,83.75,344.0
32.03,33.538,31.86,33.24,3138750.0,2026-05-22,CSTM,32.622,32.545,29.454,2.717906786590352,2.19550858652576,1.343030303030303,1.0592734225621416,1676092500.0,0.2363,4.37,1.3811,0.4475,Industrials,Metal Fabrications,3.0,1.0,5.0,12.0,5.25,87.0
17.77,19.135,17.65,18.88,3248042.0,2026-05-22,CSIQ,17.9925,17.4328,15.2608,1.8582677165354329,0.8810079328044796,0.8834815161441272,1.3371104815864023,548919098.0,3.1599,9.16,1.4973,0.5927,Technology,Semiconductors,57.0,79.0,77.0,29.0,60.5,315.0
650.5,674.84,649.6,663.46,2781663.0,2026-05-22,CRWD,612.852,546.3435,466.9564,1.415139816138046,1.3234525543077138,1.894246966452534,1.480507888335974,609707149644.0,11.4749,4.2,22.3797,2.2613,Technology,Computer Software: Prepackaged Software,16.0,22.0,11.0,6.0,13.75,94.0
7.075,7.775,7.0,7.7,2163320.0,2026-05-22,CRSR,7.103,7.122,6.3518,0.858416945373467,1.4285714285714286,1.4128440366972477,1.1702127659574468,58409640.0,0.2671,5.53,0.3838,1.5555,Technology,Computer peripheral equipment,6.0,4.0,4.0,5.0,4.75,30.0
442.86,442.86,431.13,434.12,545513.0,2026-05-22,CRS,424.291,428.401,416.477,1.8382452574525745,1.421526572579325,1.1061227609753612,1.0155328904276224,52077398545.0,0.964,4.64,19.3253,0.5086,Industrials,Steel/Iron Ore,5.0,10.0,7.0,15.0,9.25,176.0
109.0,110.65,108.18,110.44,1150857.0,2026-05-22,CROX,101.567,102.1245,95.7076,1.033308383233533,1.406699783467074,1.142207053469852,1.0793588741204063,6887879145.0,0.5474,4.08,4.0555,2.1879,Consumer Discretionary,Shoe Manufacturing,2.0,1.0,1.0,3.0,1.75,28.0
9.76,12.0,9.76,10.98,4580869.0,2026-05-22,CRNC,9.913,9.7935,8.4296,1.2994082840236687,1.0871287128712872,1.477792732166891,1.2562929061784898,270271271.0,1.2128,8.32,0.7885,1.3532,Technology,Computer Software: Prepackaged Software,30.0,24.0,35.0,38.0,31.75,187.0
196.85,218.95,195.47,218.41,8538584.0,2026-05-22,CRDO,185.807,185.8542,151.3505,3.482857598469144,1.6210940399317153,1.8075808987834148,1.119821575061526,182717159016.0,0.0254,9.15,16.0224,2.0348,Technology,Semiconductors,33.0,66.0,35.0,68.0,50.5,274.0
137.73,140.0,135.84,137.0,282261.0,2026-05-22,CPA,130.709,123.787,119.2094,1.2505705157462346,1.2112103262311025,0.9422931425820208,1.1615091140313691,2684019849.0,5.4398,4.12,5.0298,1.2507,Consumer Discretionary,Air Freight/Delivery Services,9.0,8.0,5.0,3.0,6.25,199.0
25.025,25.63,24.415,25.26,11584769.0,2026-05-22,CORZ,24.049,22.8285,19.756,2.343228200371058,1.66622691292876,1.4135422495803025,1.2097701149425288,3626032697.0,5.2072,6.09,1.3367,0.906,Finance,Finance: Consumer Services,10.0,10.0,19.0,15.0,13.5,157.0
60.0,60.95,59.54,60.22,536139.0,2026-05-22,CORT,57.491,53.7835,45.9054,0.7755312298776561,0.8023984010659561,1.6507675438596492,1.307425097698654,972556146.0,6.6637,4.41,2.2917,1.1908,Health Care,Biotechnology: Pharmaceutical Preparations,198.0,193.0,12.0,11.0,103.5,375.0
8.5,8.735,8.38,8.4,8177412.0,2026-05-22,COMP,8.128,8.0765,7.7926,1.443298969072165,0.9150326797385622,0.8907741251325557,1.070063694267516,302564244.0,0.6356,6.05,0.4765,0.5708,Technology,EDP Services,13.0,37.0,72.0,31.0,38.25,218.0
14.53,14.93,14.485,14.81,3712539.0,2026-05-22,COLD,14.516,13.7555,12.6164,0.9080318822808094,1.4634387351778655,1.132262996941896,1.1543257989088076,400954212.0,5.38,4.04,0.5392,0.5453,Real Estate,Real Estate Investment Trusts,126.0,15.0,45.0,7.0,48.25,88.0
382.0,385.0,368.52,377.57,3988348.0,2026-05-22,COHR,377.364,353.809,312.5438,4.82517571884984,2.7842342010176235,1.4814800282508045,1.1234193222053617,282933407120.0,6.4431,7.55,25.4347,0.0081,Technology,Electronic Components,4.0,4.0,4.0,9.0,5.25,36.0
12.038,12.235,11.59,11.81,3871017.0,2026-05-22,CMPS,10.781,10.0125,7.8602,2.798578199052133,2.271153846153846,1.4780976220275344,1.2327766179540711,274842207.0,7.3917,7.72,0.7492,1.3735,Health Care,Biotechnology: Pharmaceutical Preparations,55.0,18.0,39.0,15.0,31.75,213.0
96.45,104.11,95.19,102.39,234451.0,2026-05-22,CMPR,96.102,92.773,82.7614,2.3856011183597388,1.5501892505677517,1.430027932960894,1.2491155300719776,1161704705.0,3.5251,5.32,4.8135,1.3063,Consumer Discretionary,Publishing,1.0,1.0,1.0,1.0,1.0,1.0
29.93,30.68,29.8077,30.59,473795.0,2026-05-22,CMP,29.608,28.2195,25.7736,1.540281973816717,1.7972972972972974,1.2521489971346704,1.2086131963650733,216524315.0,4.8022,6.52,1.7546,0.5597,Industrials,Mining & Quarrying of Nonmetallic Minerals (No Fuels),9.0,3.0,3.0,3.0,4.5,66.0
11.01,11.2675,10.64,11.0,454796.0,2026-05-22,CLYM,10.758,10.5585,8.8688,8.8,6.358381502890174,1.7295597484276728,1.2035010940919038,27287760.0,1.8718,8.57,0.851,0.2844,Health Care,Biotechnology: Pharmaceutical Preparations,7.0,2.0,5.0,26.0,10.0,105.0
15.82,16.655,15.71,15.97,21145807.0,2026-05-22,CLSK,14.488,13.7975,11.6944,1.7530186608122944,1.6329243353783234,1.5429951690821258,1.2515673981191224,2770100717.0,4.8824,7.6,0.9955,1.4887,Finance,Finance: Consumer Services,18.0,16.0,10.0,9.0,13.25,153.0
3.59,3.695,3.54,3.55,4739402.0,2026-05-22,CLOV,3.502,3.139,2.457,1.134185303514377,1.6435185185185184,1.7661691542288558,1.4609053497942386,33175814.0,10.9321,6.38,0.1913,0.2509,Health Care,Medical Specialities,18.0,5.0,1.0,2.0,6.5,70.0
32.78,34.43,32.75,34.22,899916.0,2026-05-22,CLMT,32.272,32.792,32.29,2.3567493112947657,1.8781558726673984,1.16991452991453,1.118666230794377,507552624.0,1.5984,4.48,1.4331,1.3593,Energy,Integrated oil Companies,1.0,1.0,13.0,15.0,7.5,31.0
43.54,46.48,43.27,43.73,327921.0,2026-05-22,CLFD,43.214,37.998,32.2536,1.1593319194061504,1.5496102055279943,1.3360831041857624,1.4494530991050711,329888526.0,12.8454,8.3,3.0047,0.1717,Utilities,Telecommunications Equipment,34.0,18.0,13.0,3.0,17.0,71.0
10.6,11.23,10.6,11.23,16229283.0,2026-05-22,CLF,10.68,10.647,9.5854,1.8905723905723903,1.022768670309654,1.060434372049103,1.150614754098361,973756980.0,0.3095,4.61,0.4762,1.155,Basic Materials,Metal Mining,24.0,26.0,11.0,1.0,15.5,43.0
21.3,22.35,20.96,21.97,19435984.0,2026-05-22,CIFR,20.633,19.9353,17.4951,6.55820895522388,1.5089285714285714,1.2832943925233644,1.207142857142857,4548020256.0,3.4396,9.39,1.7605,0.7594,Finance,Finance: Consumer Services,4.0,17.0,20.0,20.0,15.25,180.0
599.0,599.5,574.03,583.74,1622005.0,2026-05-22,CIEN,568.049,551.0415,489.0722,7.058524788391777,3.3082459620289035,1.7033557046979866,1.120852534562212,279090290325.0,3.0395,6.18,32.677,0.4802,Utilities,Telecommunications Equipment,2.0,3.0,4.0,6.0,3.75,16.0
64.99,66.6,64.51,66.09,2040183.0,2026-05-22,CGNX,64.0225,61.7582,55.8411,2.1797493403693933,1.895869191049914,1.141845196959226,1.218024327312938,4382313084.0,3.6004,4.34,2.642,0.7826,Industrials,Industrial Machinery/Components,30.0,20.0,36.0,15.0,25.25,313.0
9.97,10.19,9.97,10.1,426175.0,2026-05-22,CGNT,9.987,10.076,9.3018,0.9386617100371748,1.2656641604010024,1.5805946791862284,1.0531803962460895,21734925.0,0.8872,4.27,0.4232,0.267,Technology,Computer Software: Prepackaged Software,48.0,28.0,13.0,88.0,44.25,244.0
39.0,40.53,38.98,39.43,730418.0,2026-05-22,CEVA,37.71,35.009,26.5502,2.04300518134715,2.116478797638218,1.958768007948336,1.3657776238309662,577030220.0,7.4286,7.58,2.4607,0.699,Technology,Computer Software: Programming Data Processing,7.0,4.0,4.0,3.0,4.5,25.0
60.36,65.37,59.95,65.05,2037675.0,2026-05-22,CENX,60.398,60.2525,59.5047,4.032858028518289,2.4837724322260404,1.2156606241823955,1.0709581824168586,3991805325.0,0.2412,6.02,3.4951,1.331,Industrials,Aluminum,1.0,1.0,1.0,2.0,1.25,7.0
142.77,142.815,136.435,138.23,661191.0,2026-05-22,CELC,134.832,132.3955,122.5204,13.164761904761905,1.470531914893617,1.3066452405709423,1.1421135255721722,6441322722.0,1.8235,6.68,8.5233,0.3987,Health Care,Medical Specialities,1.0,3.0,5.0,13.0,5.5,54.0
81.87,82.238,80.26,81.71,592476.0,2026-05-22,CECO,81.263,80.235,69.1537,2.894438540559688,1.6452229940602032,1.3618333333333332,1.2593049240964782,1955170800.0,1.2731,5.87,4.4564,0.1003,Industrials,Pollution Control Equipment,1.0,1.0,1.0,1.0,1.0,1.0
21.5,22.03,21.11,21.63,522103.0,2026-05-22,CDNA,20.951,21.0975,19.49,1.2317767653758542,1.37246192893401,1.1236363636363635,1.0188412623645784,121649999.0,0.6968,6.48,1.3002,0.5222,Health Care,Medical Specialities,14.0,6.0,14.0,18.0,13.0,120.0
3.57,3.69,3.54,3.56,1707828.0,2026-05-22,CCCC,3.425,3.1672,2.921,2.8253968253968256,1.495798319327731,1.4895397489539748,1.2361111111111112,11954796.0,7.8214,10.0,0.2995,0.4508,Health Care,Biotechnology: Biological Products (No Diagnostic Substances),19.0,26.0,3.0,8.0,14.0,126.0
13.22,13.89,12.98,13.5,671585.0,2026-05-22,CAL,11.86,12.5125,12.0602,0.8241758241758242,1.4018691588785046,1.113861386138614,0.9970457902511078,60442650.0,5.3544,6.67,0.7956,2.0613,Consumer Discretionary,Shoe Manufacturing,5.0,2.0,3.0,6.0,4.0,112.0
3.7,3.8501,3.6,3.65,2243441.0,2026-05-22,CABA,3.517,3.5075,3.2155,1.9518716577540105,1.6976744186046513,1.1094224924012157,1.2372881355932202,15704087.0,0.2705,9.37,0.3134,0.4244,Health Care,Biotechnology: Biological Products (No Diagnostic Substances),30.0,18.0,18.0,6.0,18.0,146.0
65.24,67.67,64.98,65.82,4194564.0,2026-05-22,BWA,64.006,60.895,56.7968,1.98552036199095,1.6069335937499998,1.1184367034834324,1.169301829809913,9223846236.0,4.9815,4.07,2.4414,0.743,Consumer Discretionary,Auto Parts:O.E.M.,4.0,5.0,5.0,3.0,4.25,119.0
58.86,59.2556,58.09,58.5,1447457.0,2026-05-22,BTSG,57.427,54.551,48.5242,2.521551724137931,1.7857142857142858,1.4516129032258065,1.214700996677741,2491073497.0,5.1367,4.12,2.1556,0.4978,Health Care,Medical/Nursing Services,1.0,1.0,5.0,4.0,2.75,20.0
3.37,4.32,3.32,3.78,8624875.0,2026-05-22,BTQ,3.141,3.077,2.8814,,0.634228187919463,1.5,1.2233009708737863,60374125.0,2.0585,10.73,0.3161,2.0215,,,,,,,,
14.86,15.27,14.36,14.65,7944833.0,2026-05-22,BTDR,13.79,13.169,11.3799,1.0244755244755244,1.4433497536945812,1.7482100238663485,1.214759535655058,873931630.0,4.607,8.7,1.0963,0.7845,Finance,Finance: Consumer Services,42.0,19.0,8.0,16.0,21.25,228.0
23.7,25.42,23.68,24.35,3074584.0,2026-05-22,BRZE,21.676,22.147,21.8659,0.6750762406431938,0.901851851851852,1.4062951198382905,1.0464116888697894,925449784.0,2.1496,6.54,1.388,1.9265,Technology,Computer Software: Prepackaged Software,83.0,59.0,21.0,93.0,64.0,332.0
45.09,45.9,45.025,45.69,1506457.0,2026-05-22,BRKR,44.087,41.639,38.691,1.2358669191236138,1.0421989051094889,1.148855921548906,1.2500683994528043,1556170081.0,5.7112,4.52,1.8049,0.8881,Industrials,Biotechnology: Laboratory Analytical Instruments,7.0,3.0,2.0,1.0,3.25,44.0
7.39,7.73,7.29,7.67,1255129.0,2026-05-22,BLZE,7.346,6.621,4.8828,1.3111111111111111,1.7713625866050808,2.0398936170212765,1.821852731591449,35143612.0,10.3816,7.6,0.4998,0.6483,Technology,Computer Software: Prepackaged Software,22.0,8.0,8.0,3.0,10.25,71.0
5.4,5.9,5.28,5.54,17278611.0,2026-05-22,BLDP,4.655,4.258,3.3411,3.9014084507042255,2.067164179104477,2.613207547169812,1.6890243902439026,276457776.0,8.9083,11.98,0.4725,1.873,Energy,Industrial Machinery/Components,11.0,22.0,2.0,3.0,9.5,45.0
46.01,48.66,45.7843,47.87,2047599.0,2026-05-22,BKSY,43.379,39.6785,34.4472,3.966031483015741,3.1934623082054703,2.428716387620497,1.4150162577593852,2281025286.0,8.9107,11.53,4.1714,1.0766,Technology,Radio And Television Broadcasting And Communications Equipment,4.0,4.0,3.0,8.0,4.75,30.0
12.43,13.02,11.63,11.88,3406081.0,2026-05-22,BKKT,9.895,9.4045,8.8452,1.074141048824593,0.8048780487804879,1.1762376237623764,1.345413363533409,258862156.0,5.083,11.5,1.0314,1.9246,Finance,Finance: Consumer Services,41.0,69.0,37.0,11.0,39.5,365.0
83.68,85.31,82.45,85.12,328077.0,2026-05-22,BHE,83.897,82.833,69.2536,2.3339731285988488,2.019454329774615,1.428427588521564,1.2243958573072498,1153846809.0,1.2763,4.75,3.7431,0.3267,Technology,Electrical Products,12.0,10.0,9.0,7.0,9.5,66.0
4.52,4.64,4.34,4.47,3262859.0,2026-05-22,BFLY,4.177,4.443,4.4604,1.699619771863118,1.9267241379310345,1.5152542372881357,0.8386491557223263,32628590.0,6.1717,8.15,0.3512,0.8343,Health Care,Medical Electronics,1.0,1.0,1.0,3.0,1.5,7.0
320.32,322.8299,301.85,302.49,9523454.0,2026-05-22,BE,287.042,281.5795,215.8062,15.44104134762634,3.239344613407582,1.8200361010830328,1.3085175412034435,464011249242.0,1.9213,9.42,25.0235,0.6173,Energy,Industrial Machinery/Components,1.0,7.0,5.0,8.0,5.25,15.0
20.84,21.96,20.535,21.68,365780.0,2026-05-22,BCAX,20.736,21.603,21.2323,2.291754756871036,1.3399258343634115,1.334975369458128,0.9571743929359824,82300500.0,4.0955,5.49,1.1467,0.8232,Health Care,Biotechnology: Pharmaceutical Preparations,101.0,60.0,41.0,171.0,93.25,359.0
78.68,81.02,78.08,80.96,645395.0,2026-05-22,BC,77.881,78.6645,76.8032,1.6101829753381065,1.3643410852713176,0.9664557717559984,1.0200327579690058,2041384385.0,1.001,4.13,3.1473,0.9783,Industrials,Industrial Machinery/Components,49.0,49.0,88.0,77.0,65.75,379.0
6.77,8.03,6.7,7.91,57770284.0,2026-05-22,BB,6.469,6.0945,4.7948,1.9339853300733496,1.915254237288136,2.340236686390533,1.5540275049115917,1559797668.0,5.9617,8.01,0.4702,3.0647,Technology,Computer Software: Prepackaged Software,12.0,11.0,4.0,24.0,12.75,87.0
58.57,62.03,58.57,61.39,982828.0,2026-05-22,BAND,55.278,48.49,30.576,4.164857530529172,4.57451564828614,4.4517766497461935,2.5451907131011606,1785798476.0,13.083,8.42,3.7717,1.6205,Technology,Computer Software: Prepackaged Software,2.0,1.0,1.0,2.0,1.5,4.0
119.6,141.37,116.01,140.83,10207583.0,2026-05-22,AXTI,118.9835,108.6902,80.958,91.44805194805195,14.902645502645504,4.014538198403649,1.849133403361345,83702180600.0,9.0422,15.49,15.4705,1.4121,Technology,Semiconductors,1.0,1.0,2.0,23.0,6.75,47.0
235.0,236.84,232.02,235.97,674622.0,2026-05-22,AXSM,230.728,220.6985,191.5508,2.2911933197397807,1.6465703719210103,1.3884671962341866,1.2689288018928802,18535914072.0,4.4435,4.66,9.6919,0.5409,Health Care,Biotechnology: Pharmaceutical Preparations,71.0,38.0,47.0,14.0,42.5,252.0
9.03,9.79,9.03,9.62,2347248.0,2026-05-22,AVR,7.923,7.0815,6.234,2.029535864978903,2.846153846153846,1.5516129032258064,1.7240143369175625,103278912.0,11.2166,7.46,0.5091,3.3333,Health Care,Industrial Specialties,2.0,1.0,2.0,1.0,1.5,7.0
81.03,82.4,78.87,80.86,457983.0,2026-05-22,ATRO,80.501,76.9535,73.3596,2.5556257901390644,1.7156800339486526,1.018516185917622,1.1041922709272156,1487986767.0,4.5061,5.88,4.3566,0.0824,Industrials,Military/Government/Technical,3.0,8.0,13.0,8.0,8.0,149.0
8.61,9.5,8.52,9.24,1715979.0,2026-05-22,ATOM,8.6105,8.7392,6.4934,1.402124430955994,4.64321608040201,1.7417530631479738,1.0744186046511628,68639160.0,1.4836,15.11,1.1974,0.5257,Technology,Semiconductors,74.0,6.0,63.0,37.0,45.0,250.0
76.62,84.83,75.755,84.75,1016643.0,2026-05-22,ATKR,75.89,75.702,68.7276,1.2715678919729931,1.4627200552295478,1.2809854897218864,1.1237072394590295,3266473959.0,0.248,4.38,3.2288,2.7441,Miscellaneous,Industrial Machinery/Components,75.0,64.0,37.0,39.0,53.75,17.0
161.06,164.37,159.11,162.29,1681969.0,2026-05-22,ATI,157.953,157.2355,154.077,2.0304016014012256,1.7119198312236286,1.007762046696473,1.052054972124984,21993426644.0,0.4553,4.68,7.1303,0.6082,Industrials,Steel/Iron Ore,3.0,3.0,11.0,13.0,7.5,143.0
60.18,64.0,60.0,63.57,514663.0,2026-05-22,ATEX,58.145,54.4105,45.7467,2.3319882611885547,3.168993020937189,1.6720147290899523,1.4073500110692938,988152960.0,6.6358,5.96,3.1494,1.7226,Telecommunications,Telecommunications Equipment,11.0,4.0,5.0,2.0,5.5,9.0
4.3,4.505,4.3,4.32,5017510.0,2026-05-22,ATAI,4.1625,4.1412,3.9819,1.8701298701298703,1.180327868852459,0.988558352402746,0.9330453563714904,50175100.0,0.513,5.83,0.2347,0.6711,Health Care,Biotechnology: Pharmaceutical Preparations,78.0,116.0,78.0,175.0,111.75,386.0
21.15,22.8,20.6377,22.08,352017.0,2026-05-22,ASYS,20.912,19.5908,16.1099,5.705426356589147,3.1274787535410766,1.7995110024449876,1.176345231752797,82723995.0,6.524,8.99,1.6978,0.6879,Technology,Industrial Machinery/Components,6.0,5.0,10.0,16.0,9.25,63.0
98.52,107.59,98.41,105.86,30710495.0,2026-05-22,ASTS,87.728,79.4865,84.3976,4.271993543179984,2.087968441814596,1.2335120018643673,1.3856020942408376,162581360530.0,9.8574,9.76,7.3381,2.4709,Consumer Discretionary,Telecommunications Equipment,6.0,12.0,23.0,7.0,12.0,379.0
19.15,19.75,17.9,18.21,7803878.0,2026-05-22,ASST,17.251,16.6173,13.7544,0.1275210084033613,0.9264346764346766,2.54152128401954,1.1525316455696202,1381286406.0,3.7421,8.06,1.2728,0.7535,Technology,Computer Software: Prepackaged Software,140.0,74.0,3.0,35.0,63.0,329.0
5.56,5.9,5.55,5.79,1308176.0,2026-05-22,ASPN,5.41,4.836,3.9924,0.9018691588785048,1.9761092150170647,1.6264044943820224,1.6542857142857144,20930816.0,11.2044,8.74,0.4088,0.9295,Consumer Discretionary,RETAIL: Building Materials,7.0,1.0,1.0,1.0,2.5,57.0
16.99,17.7,16.955,17.25,1498937.0,2026-05-22,ARX,15.644,14.4145,13.7204,,1.3424124513618678,1.8234672304439743,1.3137852246763138,224840550.0,8.1807,5.91,0.8191,1.9607,Finance,Specialty Insurers,21.0,1.0,2.0,3.0,6.75,68.0
8.17,8.62,8.02,8.48,4608499.0,2026-05-22,ARRY,8.42,8.233,7.6942,1.2343522561863174,1.2694610778443114,0.7903075489282386,1.0456226880394577,161297465.0,2.2458,6.86,0.5486,0.1094,Consumer Discretionary,Miscellaneous manufacturing industries,5.0,4.0,5.0,1.0,3.75,103.0
290.075,315.0,288.21,306.51,13961817.0,2026-05-22,ARM,246.476,228.7615,185.6993,2.2613988490482515,2.312759375235796,2.391993132511316,1.3053532643413823,633768759081.0,7.455,7.76,17.2534,3.4795,Technology,Semiconductors,47.0,45.0,17.0,17.0,31.5,183.0
7.46,7.63,7.38,7.63,1183383.0,2026-05-22,ARKO,7.195,6.912,6.2255,1.684326710816777,1.8385542168674696,1.2590759075907592,1.1354166666666667,33134724.0,4.0122,4.55,0.3043,1.4295,Consumer Staples,Food Chains,1.0,1.0,2.0,2.0,1.5,3.0
4.54,4.81,4.465,4.55,2938284.0,2026-05-22,APPS,4.266,4.027,3.5502,1.0,1.0859188544152742,1.1124694376528117,1.315028901734104,32321124.0,5.7639,6.77,0.2645,1.0737,Miscellaneous,Multi-Sector Companies,3.0,2.0,2.0,1.0,2.0,4.0
47.59,48.5,45.4118,45.87,22215231.0,2026-05-22,APLD,43.587,40.7793,33.1549,6.30949105914718,2.14646700982686,1.4960861056751469,1.3113207547169812,24458969331.0,6.656,9.84,3.7796,0.604,Finance,Finance: Consumer Services,3.0,4.0,16.0,7.0,7.5,80.0
39.5,42.7,39.14,41.72,933111.0,2026-05-22,AOSL,39.6975,40.6168,32.8377,1.93776126335346,2.296092460099064,1.892063492063492,0.9385826771653544,780080796.0,2.2893,8.57,3.318,0.6096,Technology,Semiconductors,52.0,33.0,24.0,71.0,45.0,250.0
152.26,154.39,149.0,154.03,10562370.0,2026-05-22,ANET,144.8,151.8615,147.3668,1.6599849121672594,1.2879839451459152,1.19616370272579,0.8706687015996835,121488379740.0,4.7606,4.8,6.9957,1.3194,Telecommunications,Computer Communications Equipment,4.0,6.0,6.0,7.0,5.75,11.0
29.81,32.49,29.65,31.77,648173.0,2026-05-22,AMRC,30.619,30.31,27.8802,2.259601706970128,1.040956749672346,0.9557761732851984,1.1378939828080228,312419386.0,1.0143,7.61,2.211,0.5206,Consumer Discretionary,Engineering & Construction,4.0,14.0,12.0,3.0,8.25,266.0
469.84,481.41,461.71,467.51,34758602.0,2026-05-22,AMD,441.69,411.644,308.3128,4.142388800283537,2.269245704300553,2.1862607557052,1.3441534170955407,3862931991872.0,7.042,5.78,22.8302,1.131,Technology,Semiconductors,15.0,49.0,16.0,15.0,23.75,146.0
9.06,9.39,9.06,9.24,412163.0,2026-05-22,AMCX,8.578,8.505,7.8966,1.4171779141104297,1.1492537313432838,1.2588555858310628,1.0909090909090908,17723009.0,0.8547,5.34,0.4368,1.5156,Telecommunications,Cable & Other Pay Television Services,4.0,4.0,2.0,4.0,3.5,6.0
78.0,81.85,75.44,81.67,768428.0,2026-05-22,AMBQ,73.541,56.595,40.0176,,3.588312829525483,2.589410272669626,2.301860202931229,2372137236.0,26.0435,9.72,5.2462,1.5495,Technology,Semiconductors,81.0,12.0,10.0,4.0,26.75,163.0
84.57,89.4,84.14,87.55,1032698.0,2026-05-22,AMBA,81.589,76.8395,63.8376,1.4030448717948718,1.050768122899664,1.2294621541918271,1.3092567668610735,3883977178.0,5.9958,5.29,3.9382,1.5136,Technology,Semiconductors,69.0,74.0,58.0,25.0,56.5,302.0
300.0,315.81,299.94,306.88,6527347.0,2026-05-22,ALAB,253.971,227.5465,177.2808,3.1814223512336723,2.203173235695312,2.3900311526479747,1.441834241683894,309148208614.0,10.9755,9.4,19.9227,2.6557,Technology,Semiconductors,31.0,43.0,15.0,16.0,26.25,159.0
5.35,5.47,5.19,5.33,1029620.0,2026-05-22,AIRS,4.892,4.1065,3.2907,1.2252873563218392,1.4289544235924934,3.089855072463768,2.1844262295081966,14414680.0,17.4585,11.52,0.4208,1.0409,Health Care,Medical/Nursing Services,8.0,6.0,1.0,1.0,4.0,36.0
36.4,36.94,35.48,36.28,1173704.0,2026-05-22,AIP,34.974,32.273,24.4154,4.754914809960682,2.8725257323832145,2.3241511851377323,1.3577844311377247,768776120.0,8.0331,7.5,2.2802,0.5728,Technology,Semiconductors,13.0,22.0,13.0,18.0,16.5,116.0
80.21,82.26,79.165,79.84,311610.0,2026-05-22,AGYS,73.745,71.132,69.4806,0.7542749173358527,0.6625176333914198,1.1093511185216065,1.1959257040143798,1014602160.0,3.6072,5.86,4.1206,1.4792,Technology,EDP Services,45.0,73.0,39.0,15.0,43.0,238.0
81.8,87.02,74.55,86.39,336332.0,2026-05-22,AGL,80.524,58.7295,34.19,1.470468085106383,6.614854517611025,8.770558375634518,3.296070202212896,1091061008.0,31.3019,15.11,7.9363,0.7391,Health Care,Misc Health and Biotechnology Services,2.0,1.0,1.0,1.0,1.25,5.0
22.0,25.37,21.94,25.32,3887204.0,2026-05-22,AEVA,20.8915,18.1018,15.9124,1.4678260869565218,2.5498489425981874,1.93874425727412,1.5658627087198511,1080642712.0,14.3086,13.12,2.1481,2.0616,Consumer Discretionary,Auto Parts:O.E.M.,11.0,1.0,1.0,2.0,3.75,103.0
92.65,97.145,90.14,95.02,1864741.0,2026-05-22,AEHR,93.0475,92.2462,72.2324,9.445328031809144,4.897938144329897,2.422125924037726,0.9907204671045772,8163836098.0,0.8649,12.5,10.708,0.1842,Industrials,Electrical Products,1.0,1.0,1.0,19.0,5.5,92.0
14.2,15.3,14.13,14.59,396456.0,2026-05-22,ADUR,13.961,13.693,12.0467,1.738974970202622,1.3699530516431924,1.323956442831216,1.2209205020920502,42817248.0,1.9382,8.0,1.0428,0.6032,Industrials,Major Chemicals,13.0,22.0,5.0,6.0,11.5,207.0
14.0,14.2664,13.73,13.88,1235006.0,2026-05-22,ADPT,13.402,13.7355,13.831,1.5169398907103826,0.8504901960784315,0.864797507788162,0.9816124469589816,121030588.0,2.4579,5.47,0.7283,0.6563,Health Care,Biotechnology: Biological Products (No Diagnostic Substances),44.0,49.0,54.0,31.0,44.5,260.0
21.16,21.75,21.07,21.58,420456.0,2026-05-22,ADNT,21.192,21.3265,20.9674,1.403120936280884,1.2123595505617977,0.8670148654077942,0.974706413730804,96284424.0,0.6327,4.49,0.9357,0.4147,Consumer Discretionary,Auto Parts:O.E.M.,8.0,10.0,20.0,16.0,13.5,411.0
72.29,76.36,69.76,73.35,1832728.0,2026-05-22,ACMR,67.243,60.879,52.3337,3.2298546895640685,2.472194135490394,1.0824970484061391,1.307486631016043,4880554664.0,9.9343,8.06,4.659,1.3108,Technology,Industrial Machinery/Components,15.0,8.0,43.0,7.0,18.25,120.0
153.23,158.98,151.815,156.94,477373.0,2026-05-22,ACLS,154.16,151.3835,124.5374,2.7270199826238053,2.1173772261198054,1.9192858016387428,1.096485712289527,5760937364.0,1.8174,5.58,8.2089,0.3387,Technology,Industrial Machinery/Components,24.0,18.0,7.0,34.0,20.75,134.0
125.0,125.64,120.05,121.99,1178975.0,2026-05-22,ABVX,119.606,119.2065,117.9021,21.47711267605634,0.9925956061838892,0.9508925091589367,1.0648568435754189,8891829450.0,0.3346,4.77,5.525,0.4315,Health Care,Biotechnology: Pharmaceutical Preparations,1.0,115.0,147.0,50.0,78.25,333.0
5.14,5.43,5.04,5.2,6466569.0,2026-05-22,ABCL,4.647,4.6315,4.0248,2.549019607843137,1.5249266862170088,1.6149068322981366,1.2530120481927711,90531966.0,0.3341,10.41,0.4557,1.2135,Health Care,Biotechnology: Pharmaceutical Preparations,62.0,63.0,25.0,21.0,42.75,253.0
3.22,3.35,3.15,3.23,5328831.0,2026-05-22,ABAT,3.186,3.2162,3.0968,2.375,0.9202279202279204,0.8825136612021858,0.9847560975609756,26644155.0,0.9434,8.31,0.2556,0.1721,Basic Materials,Metal Mining,11.0,28.0,23.0,20.0,20.5,57.0
58.01,59.13,55.52,57.95,3468637.0,2026-05-22,AAP,52.532,54.684,54.3194,1.0994118763043066,1.1980566466818277,1.077538118259576,0.9960467514609832,5692033317.0,4.0143,5.8,3.0785,1.7599,Consumer Discretionary,Auto & Home Supply Stores,2.0,2.0,3.0,4.0,2.75,66.0
134.22,137.0899,128.3669,134.6,944171.0,2026-05-22,AAON,134.187,119.8895,100.3948,1.3857716462472975,1.509645580978017,1.3333333333333333,1.3515413194095791,8307760629.0,11.2545,6.78,7.9238,0.0521,Industrials,Industrial Machinery/Components,58.0,37.0,23.0,5.0,30.75,333.0
73.59,74.52,71.53,71.58,529376.0,2026-05-22,AAMI,70.608,69.1115,62.934,2.386,1.663104089219331,1.316534853779658,1.0560637356152256,1410787040.0,2.1421,4.09,2.7448,0.3541,Finance,Investment Managers,4.0,4.0,4.0,6.0,4.5,37.0
